cnpj_raiz;cnpj;nome_bandeira;cidade;uf;nome
00.318.069;00.318.069/0001-68;ESCOLA DE NATACAO E GINASTICA BIOSWIM LTDA.;SAO PAULO;SP;BIOSWIM - 00318069000168
04.251.958;04.251.958/0001-06;CENTRALE COMPRA, VENDA E LOCACAO DE IMOVEIS LTDA;SAO PAULO;SP;CENTRALE - 04251958000106
05.239.361;05.239.361/0001-09;RACEBOOTCAMP ACADEMIA DE GINASTICA LTDA;SAO PAULO;SP;RACEBOOTCAMP - 05239361000109
05.636.746;05.636.746/0001-00;ESCOLA DE GINASTICA E DANCA BIO PLAZA LTDA;SAO PAULO;SP;BIO PLAZA - 05636746000100
07.594.978;07.594.978/0001-78;SMARTFIT ESCOLA DE GINASTICA E DANCA S.A;SAO PAULO;SP;SMARTFIT - 07594978000178
08.644.821;08.644.821/0001-72;ADV ESPORTE E SAUDE LTDA;BRASILIA;DF;ADV ESPORTE - 08644821000172
10.272.640;10.272.640/0001-04;BIOSANTA ACADEMIA LTDA.;SAO PAULO;SP;BIOSANTA - 10272640000104
11.050.377;11.050.377/0001-71;SMARTFIN COBRANCAS LTDA.;SAO PAULO;SP;SMARTFIN COBRANCAS - 11050377000171
11.895.668;11.895.668/0001-60;BIOPAULI COMPRA, VENDA E LOCACAO DE IMOVEIS LTDA;SAO PAULO;SP;BIOPAULI - 11895668000160
12.293.761;12.293.761/0001-68;MB NEGOCIOS DIGITAIS S/A;BELO HORIZONTE;MG;MB NEGOCIOS - 12293761000168
13.266.676;13.266.676/0001-73;ASNSMART ACADEMIA DE GINASTICA LTDA;BRASILIA;DF;ASNSMART - 13266676000173
14.711.306;14.711.306/0001-60;BIORITMO FRANQUEADORA LTDA;SAO PAULO;SP;BIORITMO FRANQUEADORA - 14711306000160
16.738.149;16.738.149/0001-02;JUST FIT PARTICIPACOES EM EMPREENDIMENTOS S.A.;SAO PAULO;SP;JUST FIT PARTICIPACOES - 16738149000102
17.147.843;17.147.843/0001-18;M2 - ACADEMIA DE GINASTICA LTDA;SAO BERNARDO DO CAMPO;SP;M2 ACADEMIA - 17147843000118
21.035.115;21.035.115/0001-91;SMARTMNG ACADEMIA DE GINASTICA LTDA.;BELO HORIZONTE;MG;SMARTMNG - 21035115000191
21.822.363;21.822.363/0001-82;SMARTRFE ESCOLA DE GINASTICA E DANCA LTDA.;RECIFE;PE;SMARTRFE - 21822363000182
27.059.627;27.059.627/0001-74;TOTAL PASS PARTICIPACOES LTDA;SAO PAULO;SP;TOTAL PASS - 27059627000174
29.937.719;29.937.719/0001-35;SMARTDOM ESCOLA DE GINASTICA E DANCA LTDA;BRASILIA;DF;SMARTDOM - 29937719000135
35.107.701;35.107.701/0001-09;MICROSUL ACADEMIA DE GINASTICA LTDA;CURITIBA;PR;MICROSUL ACADEMIA - 35107701000109
58.410.341;58.410.341/0001-15;ESCOLA DE NATACAO E GINASTICA BIOMORUM LTDA;SAO PAULO;SP;BIOMORUM - 58410341000115
00.318.069;00.318.069/0002-49;ESCOLA DE NATACAO E GINASTICA BIOSWIM LTDA.;SAO PAULO;SP;BIOSWIM - 00318069000249
00.318.069;00.318.069/0006-72;ESCOLA DE NATACAO E GINASTICA BIOSWIM LTDA.;SAO PAULO;SP;BIOSWIM - 00318069000672
00.318.069;00.318.069/0007-53;ESCOLA DE NATACAO E GINASTICA BIOSWIM LTDA.;SAO PAULO;SP;BIOSWIM - 00318069000753
00.318.069;00.318.069/0008-34;ESCOLA DE NATACAO E GINASTICA BIOSWIM LTDA.;SAO PAULO;SP;BIOSWIM - 00318069000834
00.318.069;00.318.069/0009-15;ESCOLA DE NATACAO E GINASTICA BIOSWIM LTDA.;SAO PAULO;SP;BIOSWIM - 00318069000915
00.318.069;00.318.069/0010-59;ESCOLA DE NATACAO E GINASTICA BIOSWIM LTDA.;SAO PAULO;SP;BIOSWIM - 00318069001059
00.318.069;00.318.069/0012-10;ESCOLA DE NATACAO E GINASTICA BIOSWIM LTDA.;SAO PAULO;SP;BIOSWIM - 00318069001210
00.318.069;00.318.069/0014-82;ESCOLA DE NATACAO E GINASTICA BIOSWIM LTDA.;SAO PAULO;SP;BIOSWIM - 00318069001482
00.318.069;00.318.069/0015-63;ESCOLA DE NATACAO E GINASTICA BIOSWIM LTDA.;OSASCO;SP;BIOSWIM - 00318069001563
00.318.069;00.318.069/0016-44;ESCOLA DE NATACAO E GINASTICA BIOSWIM LTDA.;SAO PAULO;SP;BIOSWIM - 00318069001644
00.318.069;00.318.069/0017-25;ESCOLA DE NATACAO E GINASTICA BIOSWIM LTDA.;SAO PAULO;SP;BIOSWIM - 00318069001725
00.318.069;00.318.069/0018-06;ESCOLA DE NATACAO E GINASTICA BIOSWIM LTDA.;SAO PAULO;SP;BIOSWIM - 00318069001806
00.318.069;00.318.069/0019-97;ESCOLA DE NATACAO E GINASTICA BIOSWIM LTDA.;SAO PAULO;SP;BIOSWIM - 00318069001997
00.318.069;00.318.069/0020-20;ESCOLA DE NATACAO E GINASTICA BIOSWIM LTDA.;SAO PAULO;SP;BIOSWIM - 00318069002020
00.318.069;00.318.069/0021-01;ESCOLA DE NATACAO E GINASTICA BIOSWIM LTDA.;SAO PAULO;SP;BIOSWIM - 00318069002101
00.318.069;00.318.069/0022-92;ESCOLA DE NATACAO E GINASTICA BIOSWIM LTDA.;SAO PAULO;SP;BIOSWIM - 00318069002292
00.318.069;00.318.069/0023-73;ESCOLA DE NATACAO E GINASTICA BIOSWIM LTDA.;SAO PAULO;SP;BIOSWIM - 00318069002373
00.318.069;00.318.069/0024-54;ESCOLA DE NATACAO E GINASTICA BIOSWIM LTDA.;SAO PAULO;SP;BIOSWIM - 00318069002454
00.318.069;00.318.069/0025-35;ESCOLA DE NATACAO E GINASTICA BIOSWIM LTDA.;SAO PAULO;SP;BIOSWIM - 00318069002535
05.239.361;05.239.361/0002-90;RACEBOOTCAMP ACADEMIA DE GINASTICA LTDA;SAO PAULO;SP;RACEBOOTCAMP - 05239361000290
05.239.361;05.239.361/0003-70;RACEBOOTCAMP ACADEMIA DE GINASTICA LTDA;SAO PAULO;SP;RACEBOOTCAMP - 05239361000370
05.239.361;05.239.361/0006-13;RACEBOOTCAMP ACADEMIA DE GINASTICA LTDA;SAO PAULO;SP;RACEBOOTCAMP - 05239361000613
05.239.361;05.239.361/0007-02;RACEBOOTCAMP ACADEMIA DE GINASTICA LTDA;SAO PAULO;SP;RACEBOOTCAMP - 05239361000702
05.239.361;05.239.361/0009-66;RACEBOOTCAMP ACADEMIA DE GINASTICA LTDA;SAO PAULO;SP;RACEBOOTCAMP - 05239361000966
05.239.361;05.239.361/0010-08;RACEBOOTCAMP ACADEMIA DE GINASTICA LTDA;SAO PAULO;SP;RACEBOOTCAMP - 05239361001008
05.239.361;05.239.361/0011-80;RACEBOOTCAMP ACADEMIA DE GINASTICA LTDA;SAO PAULO;SP;RACEBOOTCAMP - 05239361001180
05.239.361;05.239.361/0012-61;RACEBOOTCAMP ACADEMIA DE GINASTICA LTDA;SAO PAULO;SP;RACEBOOTCAMP - 05239361001261
05.239.361;05.239.361/0008-85;RACEBOOTCAMP ACADEMIA DE GINASTICA LTDA;RIO DE JANEIRO;RJ;RACEBOOTCAMP - 05239361000885
05.239.361;05.239.361/0014-23;RACEBOOTCAMP ACADEMIA DE GINASTICA LTDA;RIO DE JANEIRO;RJ;RACEBOOTCAMP - 05239361001423
07.594.978;07.594.978/0140-47;SMARTFIT ESCOLA DE GINASTICA E DANCA S.A;MACEIO;AL;SMARTFIT - 07594978014047
07.594.978;07.594.978/0313-08;SMARTFIT ESCOLA DE GINASTICA E DANCA S.A;MACEIO;AL;SMARTFIT - 07594978031308
07.594.978;07.594.978/0487-07;SMARTFIT ESCOLA DE GINASTICA E DANCA S.A;MACEIO;AL;SMARTFIT - 07594978048707
07.594.978;07.594.978/0163-33;SMARTFIT ESCOLA DE GINASTICA E DANCA S.A;SALVADOR;BA;SMARTFIT - 07594978016333
07.594.978;07.594.978/0164-14;SMARTFIT ESCOLA DE GINASTICA E DANCA S.A;SALVADOR;BA;SMARTFIT - 07594978016414
07.594.978;07.594.978/0316-42;SMARTFIT ESCOLA DE GINASTICA E DANCA S.A;SALVADOR;BA;SMARTFIT - 07594978031642
07.594.978;07.594.978/0320-29;SMARTFIT ESCOLA DE GINASTICA E DANCA S.A;SALVADOR;BA;SMARTFIT - 07594978032029
07.594.978;07.594.978/0328-86;SMARTFIT ESCOLA DE GINASTICA E DANCA S.A;SALVADOR;BA;SMARTFIT - 07594978032886
07.594.978;07.594.978/0331-81;SMARTFIT ESCOLA DE GINASTICA E DANCA S.A;SALVADOR;BA;SMARTFIT - 07594978033181
07.594.978;07.594.978/0334-24;SMARTFIT ESCOLA DE GINASTICA E DANCA S.A;SALVADOR;BA;SMARTFIT - 07594978033424
07.594.978;07.594.978/0368-73;SMARTFIT ESCOLA DE GINASTICA E DANCA S.A;SALVADOR;BA;SMARTFIT - 07594978036873
07.594.978;07.594.978/0369-54;SMARTFIT ESCOLA DE GINASTICA E DANCA S.A;SALVADOR;BA;SMARTFIT - 07594978036954
07.594.978;07.594.978/0385-74;SMARTFIT ESCOLA DE GINASTICA E DANCA S.A;SALVADOR;BA;SMARTFIT - 07594978038574
07.594.978;07.594.978/0388-17;SMARTFIT ESCOLA DE GINASTICA E DANCA S.A;SALVADOR;BA;SMARTFIT - 07594978038817
07.594.978;07.594.978/0389-06;SMARTFIT ESCOLA DE GINASTICA E DANCA S.A;LAURO DE FREITAS;BA;SMARTFIT - 07594978038906
07.594.978;07.594.978/0460-89;SMARTFIT ESCOLA DE GINASTICA E DANCA S.A;SALVADOR;BA;SMARTFIT - 07594978046089
07.594.978;07.594.978/0461-60;SMARTFIT ESCOLA DE GINASTICA E DANCA S.A;SALVADOR;BA;SMARTFIT - 07594978046160
07.594.978;07.594.978/0462-40;SMARTFIT ESCOLA DE GINASTICA E DANCA S.A;SALVADOR;BA;SMARTFIT - 07594978046240
07.594.978;07.594.978/0464-02;SMARTFIT ESCOLA DE GINASTICA E DANCA S.A;SALVADOR;BA;SMARTFIT - 07594978046402
07.594.978;07.594.978/0480-22;SMARTFIT ESCOLA DE GINASTICA E DANCA S.A;SALVADOR;BA;SMARTFIT - 07594978048022
07.594.978;07.594.978/0019-05;SMARTFIT ESCOLA DE GINASTICA E DANCA S.A;FORTALEZA;CE;SMARTFIT - 07594978001905
07.594.978;07.594.978/0055-60;SMARTFIT ESCOLA DE GINASTICA E DANCA S.A;FORTALEZA;CE;SMARTFIT - 07594978005560
07.594.978;07.594.978/0069-66;SMARTFIT ESCOLA DE GINASTICA E DANCA S.A;FORTALEZA;CE;SMARTFIT - 07594978006966
07.594.978;07.594.978/0070-08;SMARTFIT ESCOLA DE GINASTICA E DANCA S.A;FORTALEZA;CE;SMARTFIT - 07594978007008
07.594.978;07.594.978/0072-61;SMARTFIT ESCOLA DE GINASTICA E DANCA S.A;FORTALEZA;CE;SMARTFIT - 07594978007261
07.594.978;07.594.978/0075-04;SMARTFIT ESCOLA DE GINASTICA E DANCA S.A;FORTALEZA;CE;SMARTFIT - 07594978007504
07.594.978;07.594.978/0081-52;SMARTFIT ESCOLA DE GINASTICA E DANCA S.A;FORTALEZA;CE;SMARTFIT - 07594978008152
07.594.978;07.594.978/0100-50;SMARTFIT ESCOLA DE GINASTICA E DANCA S.A;FORTALEZA;CE;SMARTFIT - 07594978010050
07.594.978;07.594.978/0132-37;SMARTFIT ESCOLA DE GINASTICA E DANCA S.A;FORTALEZA;CE;SMARTFIT - 07594978013237
07.594.978;07.594.978/0133-18;SMARTFIT ESCOLA DE GINASTICA E DANCA S.A;MARACANAU;CE;SMARTFIT - 07594978013318
07.594.978;07.594.978/0134-07;SMARTFIT ESCOLA DE GINASTICA E DANCA S.A;FORTALEZA;CE;SMARTFIT - 07594978013407
07.594.978;07.594.978/0167-67;SMARTFIT ESCOLA DE GINASTICA E DANCA S.A;FORTALEZA;CE;SMARTFIT - 07594978016767
07.594.978;07.594.978/0180-34;SMARTFIT ESCOLA DE GINASTICA E DANCA S.A;FORTALEZA;CE;SMARTFIT - 07594978018034
07.594.978;07.594.978/0327-03;SMARTFIT ESCOLA DE GINASTICA E DANCA S.A;FORTALEZA;CE;SMARTFIT - 07594978032703
07.594.978;07.594.978/0329-67;SMARTFIT ESCOLA DE GINASTICA E DANCA S.A;FORTALEZA;CE;SMARTFIT - 07594978032967
07.594.978;07.594.978/0330-09;SMARTFIT ESCOLA DE GINASTICA E DANCA S.A;FORTALEZA;CE;SMARTFIT - 07594978033009
07.594.978;07.594.978/0350-44;SMARTFIT ESCOLA DE GINASTICA E DANCA S.A;FORTALEZA;CE;SMARTFIT - 07594978035044
07.594.978;07.594.978/0361-05;SMARTFIT ESCOLA DE GINASTICA E DANCA S.A;FORTALEZA;CE;SMARTFIT - 07594978036105
07.594.978;07.594.978/0365-20;SMARTFIT ESCOLA DE GINASTICA E DANCA S.A;FORTALEZA;CE;SMARTFIT - 07594978036520
07.594.978;07.594.978/0366-01;SMARTFIT ESCOLA DE GINASTICA E DANCA S.A;FORTALEZA;CE;SMARTFIT - 07594978036601
07.594.978;07.594.978/0380-60;SMARTFIT ESCOLA DE GINASTICA E DANCA S.A;FORTALEZA;CE;SMARTFIT - 07594978038060
07.594.978;07.594.978/0383-02;SMARTFIT ESCOLA DE GINASTICA E DANCA S.A;FORTALEZA;CE;SMARTFIT - 07594978038302
07.594.978;07.594.978/0392-01;SMARTFIT ESCOLA DE GINASTICA E DANCA S.A;FORTALEZA;CE;SMARTFIT - 07594978039201
07.594.978;07.594.978/0414-43;SMARTFIT ESCOLA DE GINASTICA E DANCA S.A;FORTALEZA;CE;SMARTFIT - 07594978041443
07.594.978;07.594.978/0421-72;SMARTFIT ESCOLA DE GINASTICA E DANCA S.A;FORTALEZA;CE;SMARTFIT - 07594978042172
07.594.978;07.594.978/0425-04;SMARTFIT ESCOLA DE GINASTICA E DANCA S.A;FORTALEZA;CE;SMARTFIT - 07594978042504
07.594.978;07.594.978/0426-87;SMARTFIT ESCOLA DE GINASTICA E DANCA S.A;FORTALEZA;CE;SMARTFIT - 07594978042687
07.594.978;07.594.978/0475-65;SMARTFIT ESCOLA DE GINASTICA E DANCA S.A;FORTALEZA;CE;SMARTFIT - 07594978047565
07.594.978;07.594.978/0484-56;SMARTFIT ESCOLA DE GINASTICA E DANCA S.A;FORTALEZA;CE;SMARTFIT - 07594978048456
07.594.978;07.594.978/0485-37;SMARTFIT ESCOLA DE GINASTICA E DANCA S.A;FORTALEZA;CE;SMARTFIT - 07594978048537
07.594.978;07.594.978/0488-80;SMARTFIT ESCOLA DE GINASTICA E DANCA S.A;FORTALEZA;CE;SMARTFIT - 07594978048880
07.594.978;07.594.978/0490-02;SMARTFIT ESCOLA DE GINASTICA E DANCA S.A;FORTALEZA;CE;SMARTFIT - 07594978049002
07.594.978;07.594.978/0496-90;SMARTFIT ESCOLA DE GINASTICA E DANCA S.A;FORTALEZA;CE;SMARTFIT - 07594978049690
07.594.978;07.594.978/0500-00;SMARTFIT ESCOLA DE GINASTICA E DANCA S.A;FORTALEZA;CE;SMARTFIT - 07594978050000
07.594.978;07.594.978/0527-20;SMARTFIT ESCOLA DE GINASTICA E DANCA S.A;MARACANAU;CE;SMARTFIT - 07594978052720
07.594.978;07.594.978/0445-40;SMARTFIT ESCOLA DE GINASTICA E DANCA S.A;BRASÍLIA;DF;SMARTFIT - 07594978044540
07.594.978;07.594.978/0446-20;SMARTFIT ESCOLA DE GINASTICA E DANCA S.A;BRASÍLIA;DF;SMARTFIT - 07594978044620
07.594.978;07.594.978/0225-70;SMARTFIT ESCOLA DE GINASTICA E DANCA S.A;VILA VELHA;ES;SMARTFIT - 07594978022570
07.594.978;07.594.978/0314-80;SMARTFIT ESCOLA DE GINASTICA E DANCA S.A;CARIACICA;ES;SMARTFIT - 07594978031480
07.594.978;07.594.978/0415-24;SMARTFIT ESCOLA DE GINASTICA E DANCA S.A;VILA VELHA;ES;SMARTFIT - 07594978041524
07.594.978;07.594.978/0422-53;SMARTFIT ESCOLA DE GINASTICA E DANCA S.A;VILA VELHA;ES;SMARTFIT - 07594978042253
07.594.978;07.594.978/0443-88;SMARTFIT ESCOLA DE GINASTICA E DANCA S.A;LINHARES;ES;SMARTFIT - 07594978044388
07.594.978;07.594.978/0495-09;SMARTFIT ESCOLA DE GINASTICA E DANCA S.A;VITÓRIA;ES;SMARTFIT - 07594978049509
07.594.978;07.594.978/0005-00;SMARTFIT ESCOLA DE GINASTICA E DANCA S.A;GOIÂNIA;GO;SMARTFIT - 07594978000500
07.594.978;07.594.978/0036-06;SMARTFIT ESCOLA DE GINASTICA E DANCA S.A;GOIÂNIA;GO;SMARTFIT - 07594978003606
07.594.978;07.594.978/0076-95;SMARTFIT ESCOLA DE GINASTICA E DANCA S.A;GOIÂNIA;GO;SMARTFIT - 07594978007695
07.594.978;07.594.978/0099-81;SMARTFIT ESCOLA DE GINASTICA E DANCA S.A;GOIÂNIA;GO;SMARTFIT - 07594978009981
07.594.978;07.594.978/0158-76;SMARTFIT ESCOLA DE GINASTICA E DANCA S.A;GOIÂNIA;GO;SMARTFIT - 07594978015876
07.594.978;07.594.978/0159-57;SMARTFIT ESCOLA DE GINASTICA E DANCA S.A;GOIÂNIA;GO;SMARTFIT - 07594978015957
07.594.978;07.594.978/0161-71;SMARTFIT ESCOLA DE GINASTICA E DANCA S.A;APARECIDA DE GOIANIA;GO;SMARTFIT - 07594978016171
07.594.978;07.594.978/0404-71;SMARTFIT ESCOLA DE GINASTICA E DANCA S.A;GOIÂNIA;GO;SMARTFIT - 07594978040471
07.594.978;07.594.978/0408-03;SMARTFIT ESCOLA DE GINASTICA E DANCA S.A;GOIÂNIA;GO;SMARTFIT - 07594978040803
07.594.978;07.594.978/0478-08;SMARTFIT ESCOLA DE GINASTICA E DANCA S.A;GOIÂNIA;GO;SMARTFIT - 07594978047808
07.594.978;07.594.978/0219-22;SMARTFIT ESCOLA DE GINASTICA E DANCA S.A;BELO HORIZONTE;MG;SMARTFIT - 07594978021922
07.594.978;07.594.978/0226-51;SMARTFIT ESCOLA DE GINASTICA E DANCA S.A;BELO HORIZONTE;MG;SMARTFIT - 07594978022651
07.594.978;07.594.978/0306-70;SMARTFIT ESCOLA DE GINASTICA E DANCA S.A;BELO HORIZONTE;MG;SMARTFIT - 07594978030670
07.594.978;07.594.978/0311-38;SMARTFIT ESCOLA DE GINASTICA E DANCA S.A;BELO HORIZONTE;MG;SMARTFIT - 07594978031138
07.594.978;07.594.978/0322-90;SMARTFIT ESCOLA DE GINASTICA E DANCA S.A;BELO HORIZONTE;MG;SMARTFIT - 07594978032290
07.594.978;07.594.978/0326-14;SMARTFIT ESCOLA DE GINASTICA E DANCA S.A;CONTAGEM;MG;SMARTFIT - 07594978032614
07.594.978;07.594.978/0345-87;SMARTFIT ESCOLA DE GINASTICA E DANCA S.A;BELO HORIZONTE;MG;SMARTFIT - 07594978034587
07.594.978;07.594.978/0346-68;SMARTFIT ESCOLA DE GINASTICA E DANCA S.A;BELO HORIZONTE;MG;SMARTFIT - 07594978034668
07.594.978;07.594.978/0349-00;SMARTFIT ESCOLA DE GINASTICA E DANCA S.A;BELO HORIZONTE;MG;SMARTFIT - 07594978034900
07.594.978;07.594.978/0386-55;SMARTFIT ESCOLA DE GINASTICA E DANCA S.A;BELO HORIZONTE;MG;SMARTFIT - 07594978038655
07.594.978;07.594.978/0397-08;SMARTFIT ESCOLA DE GINASTICA E DANCA S.A;BELO HORIZONTE;MG;SMARTFIT - 07594978039708
07.594.978;07.594.978/0399-70;SMARTFIT ESCOLA DE GINASTICA E DANCA S.A;BELO HORIZONTE;MG;SMARTFIT - 07594978039970
07.594.978;07.594.978/0416-05;SMARTFIT ESCOLA DE GINASTICA E DANCA S.A;BELO HORIZONTE;MG;SMARTFIT - 07594978041605
07.594.978;07.594.978/0419-58;SMARTFIT ESCOLA DE GINASTICA E DANCA S.A;BELO HORIZONTE;MG;SMARTFIT - 07594978041958
07.594.978;07.594.978/0423-34;SMARTFIT ESCOLA DE GINASTICA E DANCA S.A;UBERLANDIA;MG;SMARTFIT - 07594978042334
07.594.978;07.594.978/0424-15;SMARTFIT ESCOLA DE GINASTICA E DANCA S.A;UBERABA;MG;SMARTFIT - 07594978042415
07.594.978;07.594.978/0428-49;SMARTFIT ESCOLA DE GINASTICA E DANCA S.A;BELO HORIZONTE;MG;SMARTFIT - 07594978042849
07.594.978;07.594.978/0429-20;SMARTFIT ESCOLA DE GINASTICA E DANCA S.A;BELO HORIZONTE;MG;SMARTFIT - 07594978042920
07.594.978;07.594.978/0433-06;SMARTFIT ESCOLA DE GINASTICA E DANCA S.A;SABARÁ;MG;SMARTFIT - 07594978043306
07.594.978;07.594.978/0438-10;SMARTFIT ESCOLA DE GINASTICA E DANCA S.A;BETIM;MG;SMARTFIT - 07594978043810
07.594.978;07.594.978/0447-01;SMARTFIT ESCOLA DE GINASTICA E DANCA S.A;BELO HORIZONTE;MG;SMARTFIT - 07594978044701
07.594.978;07.594.978/0479-99;SMARTFIT ESCOLA DE GINASTICA E DANCA S.A;BELO HORIZONTE;MG;SMARTFIT - 07594978047999
07.594.978;07.594.978/0191-97;SMARTFIT ESCOLA DE GINASTICA E DANCA S.A;CURITIBA;PR;SMARTFIT - 07594978019197
07.594.978;07.594.978/0224-90;SMARTFIT ESCOLA DE GINASTICA E DANCA S.A;CURITIBA;PR;SMARTFIT - 07594978022490
07.594.978;07.594.978/0229-02;SMARTFIT ESCOLA DE GINASTICA E DANCA S.A;CURITIBA;PR;SMARTFIT - 07594978022902
07.594.978;07.594.978/0233-80;SMARTFIT ESCOLA DE GINASTICA E DANCA S.A;CURITIBA;PR;SMARTFIT - 07594978023380
07.594.978;07.594.978/0300-85;SMARTFIT ESCOLA DE GINASTICA E DANCA S.A;CURITIBA;PR;SMARTFIT - 07594978030085
07.594.978;07.594.978/0402-00;SMARTFIT ESCOLA DE GINASTICA E DANCA S.A;CURITIBA;PR;SMARTFIT - 07594978040200
07.594.978;07.594.978/0405-52;SMARTFIT ESCOLA DE GINASTICA E DANCA S.A;CURITIBA;PR;SMARTFIT - 07594978040552
07.594.978;07.594.978/0410-10;SMARTFIT ESCOLA DE GINASTICA E DANCA S.A;CURITIBA;PR;SMARTFIT - 07594978041010
07.594.978;07.594.978/0420-91;SMARTFIT ESCOLA DE GINASTICA E DANCA S.A;CURITIBA;PR;SMARTFIT - 07594978042091
07.594.978;07.594.978/0431-44;SMARTFIT ESCOLA DE GINASTICA E DANCA S.A;CURITIBA;PR;SMARTFIT - 07594978043144
07.594.978;07.594.978/0435-78;SMARTFIT ESCOLA DE GINASTICA E DANCA S.A;CURITIBA;PR;SMARTFIT - 07594978043578
07.594.978;07.594.978/0442-05;SMARTFIT ESCOLA DE GINASTICA E DANCA S.A;CURITIBA;PR;SMARTFIT - 07594978044205
07.594.978;07.594.978/0469-17;SMARTFIT ESCOLA DE GINASTICA E DANCA S.A;COLOMBO;PR;SMARTFIT - 07594978046917
07.594.978;07.594.978/0476-46;SMARTFIT ESCOLA DE GINASTICA E DANCA S.A;CURITIBA;PR;SMARTFIT - 07594978047646
07.594.978;07.594.978/0493-47;SMARTFIT ESCOLA DE GINASTICA E DANCA S.A;PINHAIS;PR;SMARTFIT - 07594978049347
07.594.978;07.594.978/0499-32;SMARTFIT ESCOLA DE GINASTICA E DANCA S.A;CURITIBA;PR;SMARTFIT - 07594978049932
07.594.978;07.594.978/0503-53;SMARTFIT ESCOLA DE GINASTICA E DANCA S.A;CURITIBA;PR;SMARTFIT - 07594978050353
07.594.978;07.594.978/0012-20;SMARTFIT ESCOLA DE GINASTICA E DANCA S.A;RECIFE;PE;SMARTFIT - 07594978001220
07.594.978;07.594.978/0037-89;SMARTFIT ESCOLA DE GINASTICA E DANCA S.A;RECIFE;PE;SMARTFIT - 07594978003789
07.594.978;07.594.978/0092-05;SMARTFIT ESCOLA DE GINASTICA E DANCA S.A;JABOATAO DOS GUARARAPES;PE;SMARTFIT - 07594978009205
07.594.978;07.594.978/0172-24;SMARTFIT ESCOLA DE GINASTICA E DANCA S.A;OLINDA;PE;SMARTFIT - 07594978017224
07.594.978;07.594.978/0312-19;SMARTFIT ESCOLA DE GINASTICA E DANCA S.A;RECIFE;PE;SMARTFIT - 07594978031219
07.594.978;07.594.978/0321-00;SMARTFIT ESCOLA DE GINASTICA E DANCA S.A;RECIFE;PE;SMARTFIT - 07594978032100
07.594.978;07.594.978/0347-49;SMARTFIT ESCOLA DE GINASTICA E DANCA S.A;RECIFE;PE;SMARTFIT - 07594978034749
07.594.978;07.594.978/0364-40;SMARTFIT ESCOLA DE GINASTICA E DANCA S.A;JABOATAO DOS GUARARAPES;PE;SMARTFIT - 07594978036440
07.594.978;07.594.978/0437-30;SMARTFIT ESCOLA DE GINASTICA E DANCA S.A;RECIFE;PE;SMARTFIT - 07594978043730
07.594.978;07.594.978/0440-35;SMARTFIT ESCOLA DE GINASTICA E DANCA S.A;RECIFE;PE;SMARTFIT - 07594978044035
07.594.978;07.594.978/0444-69;SMARTFIT ESCOLA DE GINASTICA E DANCA S.A;RECIFE;PE;SMARTFIT - 07594978044469
07.594.978;07.594.978/0474-84;SMARTFIT ESCOLA DE GINASTICA E DANCA S.A;RECIFE;PE;SMARTFIT - 07594978047484
07.594.978;07.594.978/0494-28;SMARTFIT ESCOLA DE GINASTICA E DANCA S.A;RECIFE;PE;SMARTFIT - 07594978049428
07.594.978;07.594.978/0056-41;SMARTFIT ESCOLA DE GINASTICA E DANCA S.A;NATAL;RN;SMARTFIT - 07594978005641
07.594.978;07.594.978/0162-52;SMARTFIT ESCOLA DE GINASTICA E DANCA S.A;NATAL;RN;SMARTFIT - 07594978016252
07.594.978;07.594.978/0168-48;SMARTFIT ESCOLA DE GINASTICA E DANCA S.A;NATAL;RN;SMARTFIT - 07594978016848
07.594.978;07.594.978/0177-39;SMARTFIT ESCOLA DE GINASTICA E DANCA S.A;NATAL;RN;SMARTFIT - 07594978017739
07.594.978;07.594.978/0315-61;SMARTFIT ESCOLA DE GINASTICA E DANCA S.A;PARNAMIRIM;RN;SMARTFIT - 07594978031561
07.594.978;07.594.978/0391-12;SMARTFIT ESCOLA DE GINASTICA E DANCA S.A;PARNAMIRIM;RN;SMARTFIT - 07594978039112
07.594.978;07.594.978/0497-70;SMARTFIT ESCOLA DE GINASTICA E DANCA S.A;NATAL;RN;SMARTFIT - 07594978049770
07.594.978;07.594.978/0020-30;SMARTFIT ESCOLA DE GINASTICA E DANCA S.A;PORTO ALEGRE;RS;SMARTFIT - 07594978002030
07.594.978;07.594.978/0022-00;SMARTFIT ESCOLA DE GINASTICA E DANCA S.A;PORTO ALEGRE;RS;SMARTFIT - 07594978002200
07.594.978;07.594.978/0066-13;SMARTFIT ESCOLA DE GINASTICA E DANCA S.A;PORTO ALEGRE;RS;SMARTFIT - 07594978006613
07.594.978;07.594.978/0097-10;SMARTFIT ESCOLA DE GINASTICA E DANCA S.A;PORTO ALEGRE;RS;SMARTFIT - 07594978009710
07.594.978;07.594.978/0166-86;SMARTFIT ESCOLA DE GINASTICA E DANCA S.A;CANOAS;RS;SMARTFIT - 07594978016686
07.594.978;07.594.978/0181-15;SMARTFIT ESCOLA DE GINASTICA E DANCA S.A;PORTO ALEGRE;RS;SMARTFIT - 07594978018115
07.594.978;07.594.978/0220-66;SMARTFIT ESCOLA DE GINASTICA E DANCA S.A;PORTO ALEGRE;RS;SMARTFIT - 07594978022066
07.594.978;07.594.978/0356-30;SMARTFIT ESCOLA DE GINASTICA E DANCA S.A;PORTO ALEGRE;RS;SMARTFIT - 07594978035630
07.594.978;07.594.978/0357-10;SMARTFIT ESCOLA DE GINASTICA E DANCA S.A;PORTO ALEGRE;RS;SMARTFIT - 07594978035710
07.594.978;07.594.978/0502-72;SMARTFIT ESCOLA DE GINASTICA E DANCA S.A;PORTO ALEGRE;RS;SMARTFIT - 07594978050272
07.594.978;07.594.978/0002-59;SMARTFIT ESCOLA DE GINASTICA E DANCA S.A;SAO PAULO;SP;SMARTFIT - 07594978000259
07.594.978;07.594.978/0003-30;SMARTFIT ESCOLA DE GINASTICA E DANCA S.A;SANTO ANDRÉ;SP;SMARTFIT - 07594978000330
07.594.978;07.594.978/0004-10;SMARTFIT ESCOLA DE GINASTICA E DANCA S.A;SAO PAULO;SP;SMARTFIT - 07594978000410
07.594.978;07.594.978/0006-82;SMARTFIT ESCOLA DE GINASTICA E DANCA S.A;CAMPINAS;SP;SMARTFIT - 07594978000682
07.594.978;07.594.978/0007-63;SMARTFIT ESCOLA DE GINASTICA E DANCA S.A;SANTOS;SP;SMARTFIT - 07594978000763
07.594.978;07.594.978/0008-44;SMARTFIT ESCOLA DE GINASTICA E DANCA S.A;SAO PAULO;SP;SMARTFIT - 07594978000844
07.594.978;07.594.978/0009-25;SMARTFIT ESCOLA DE GINASTICA E DANCA S.A;SAO PAULO;SP;SMARTFIT - 07594978000925
07.594.978;07.594.978/0010-69;SMARTFIT ESCOLA DE GINASTICA E DANCA S.A;SAO PAULO;SP;SMARTFIT - 07594978001069
07.594.978;07.594.978/0011-40;SMARTFIT ESCOLA DE GINASTICA E DANCA S.A;TABOÃO DA SERRA;SP;SMARTFIT - 07594978001140
07.594.978;07.594.978/0013-01;SMARTFIT ESCOLA DE GINASTICA E DANCA S.A;SAO PAULO;SP;SMARTFIT - 07594978001301
07.594.978;07.594.978/0014-92;SMARTFIT ESCOLA DE GINASTICA E DANCA S.A;SÃO CAETANO DO SUL;SP;SMARTFIT - 07594978001492
07.594.978;07.594.978/0016-54;SMARTFIT ESCOLA DE GINASTICA E DANCA S.A;SAO PAULO;SP;SMARTFIT - 07594978001654
07.594.978;07.594.978/0018-16;SMARTFIT ESCOLA DE GINASTICA E DANCA S.A;SÃO JOSE DOS CAMPOS;SP;SMARTFIT - 07594978001816
07.594.978;07.594.978/0023-83;SMARTFIT ESCOLA DE GINASTICA E DANCA S.A;SAO PAULO;SP;SMARTFIT - 07594978002383
07.594.978;07.594.978/0024-64;SMARTFIT ESCOLA DE GINASTICA E DANCA S.A;COTIA;SP;SMARTFIT - 07594978002464
07.594.978;07.594.978/0025-45;SMARTFIT ESCOLA DE GINASTICA E DANCA S.A;SAO PAULO;SP;SMARTFIT - 07594978002545
07.594.978;07.594.978/0026-26;SMARTFIT ESCOLA DE GINASTICA E DANCA S.A;SAO PAULO;SP;SMARTFIT - 07594978002626
07.594.978;07.594.978/0027-07;SMARTFIT ESCOLA DE GINASTICA E DANCA S.A;SAO PAULO;SP;SMARTFIT - 07594978002707
07.594.978;07.594.978/0028-98;SMARTFIT ESCOLA DE GINASTICA E DANCA S.A;OSASCO;SP;SMARTFIT - 07594978002898
07.594.978;07.594.978/0029-79;SMARTFIT ESCOLA DE GINASTICA E DANCA S.A;DIADEMA;SP;SMARTFIT - 07594978002979
07.594.978;07.594.978/0030-02;SMARTFIT ESCOLA DE GINASTICA E DANCA S.A;CAMPINAS;SP;SMARTFIT - 07594978003002
07.594.978;07.594.978/0032-74;SMARTFIT ESCOLA DE GINASTICA E DANCA S.A;GUARULHOS;SP;SMARTFIT - 07594978003274
07.594.978;07.594.978/0033-55;SMARTFIT ESCOLA DE GINASTICA E DANCA S.A;SÃO BERNARDO DO CAMPO;SP;SMARTFIT - 07594978003355
07.594.978;07.594.978/0034-36;SMARTFIT ESCOLA DE GINASTICA E DANCA S.A;SAO PAULO;SP;SMARTFIT - 07594978003436
07.594.978;07.594.978/0035-17;SMARTFIT ESCOLA DE GINASTICA E DANCA S.A;SAO PAULO;SP;SMARTFIT - 07594978003517
07.594.978;07.594.978/0038-60;SMARTFIT ESCOLA DE GINASTICA E DANCA S.A;SANTO ANDRÉ;SP;SMARTFIT - 07594978003860
07.594.978;07.594.978/0039-40;SMARTFIT ESCOLA DE GINASTICA E DANCA S.A;SAO PAULO;SP;SMARTFIT - 07594978003940
07.594.978;07.594.978/0040-84;SMARTFIT ESCOLA DE GINASTICA E DANCA S.A;SAO PAULO;SP;SMARTFIT - 07594978004084
07.594.978;07.594.978/0041-65;SMARTFIT ESCOLA DE GINASTICA E DANCA S.A;SOROCABA;SP;SMARTFIT - 07594978004165
07.594.978;07.594.978/0043-27;SMARTFIT ESCOLA DE GINASTICA E DANCA S.A;SAO PAULO;SP;SMARTFIT - 07594978004327
07.594.978;07.594.978/0044-08;SMARTFIT ESCOLA DE GINASTICA E DANCA S.A;CAMPINAS;SP;SMARTFIT - 07594978004408
07.594.978;07.594.978/0045-99;SMARTFIT ESCOLA DE GINASTICA E DANCA S.A;SAO PAULO;SP;SMARTFIT - 07594978004599
07.594.978;07.594.978/0046-70;SMARTFIT ESCOLA DE GINASTICA E DANCA S.A;SAO PAULO;SP;SMARTFIT - 07594978004670
07.594.978;07.594.978/0047-50;SMARTFIT ESCOLA DE GINASTICA E DANCA S.A;SAO PAULO;SP;SMARTFIT - 07594978004750
07.594.978;07.594.978/0048-31;SMARTFIT ESCOLA DE GINASTICA E DANCA S.A;SAO PAULO;SP;SMARTFIT - 07594978004831
07.594.978;07.594.978/0049-12;SMARTFIT ESCOLA DE GINASTICA E DANCA S.A;SAO PAULO;SP;SMARTFIT - 07594978004912
07.594.978;07.594.978/0050-56;SMARTFIT ESCOLA DE GINASTICA E DANCA S.A;SÃO JOSE DOS CAMPOS;SP;SMARTFIT - 07594978005056
07.594.978;07.594.978/0051-37;SMARTFIT ESCOLA DE GINASTICA E DANCA S.A;SAO PAULO;SP;SMARTFIT - 07594978005137
07.594.978;07.594.978/0052-18;SMARTFIT ESCOLA DE GINASTICA E DANCA S.A;SANTOS;SP;SMARTFIT - 07594978005218
07.594.978;07.594.978/0053-07;SMARTFIT ESCOLA DE GINASTICA E DANCA S.A;JUNDIAÍ;SP;SMARTFIT - 07594978005307
07.594.978;07.594.978/0054-80;SMARTFIT ESCOLA DE GINASTICA E DANCA S.A;SÃO CAETANO DO SUL;SP;SMARTFIT - 07594978005480
07.594.978;07.594.978/0057-22;SMARTFIT ESCOLA DE GINASTICA E DANCA S.A;SAO PAULO;SP;SMARTFIT - 07594978005722
07.594.978;07.594.978/0058-03;SMARTFIT ESCOLA DE GINASTICA E DANCA S.A;SAO PAULO;SP;SMARTFIT - 07594978005803
07.594.978;07.594.978/0059-94;SMARTFIT ESCOLA DE GINASTICA E DANCA S.A;SAO PAULO;SP;SMARTFIT - 07594978005994
07.594.978;07.594.978/0060-28;SMARTFIT ESCOLA DE GINASTICA E DANCA S.A;OSASCO;SP;SMARTFIT - 07594978006028
07.594.978;07.594.978/0062-90;SMARTFIT ESCOLA DE GINASTICA E DANCA S.A;SAO PAULO;SP;SMARTFIT - 07594978006290
07.594.978;07.594.978/0063-70;SMARTFIT ESCOLA DE GINASTICA E DANCA S.A;BARUERI;SP;SMARTFIT - 07594978006370
07.594.978;07.594.978/0064-51;SMARTFIT ESCOLA DE GINASTICA E DANCA S.A;SOROCABA;SP;SMARTFIT - 07594978006451
07.594.978;07.594.978/0065-32;SMARTFIT ESCOLA DE GINASTICA E DANCA S.A;SAO PAULO;SP;SMARTFIT - 07594978006532
07.594.978;07.594.978/0067-02;SMARTFIT ESCOLA DE GINASTICA E DANCA S.A;SAO PAULO;SP;SMARTFIT - 07594978006702
07.594.978;07.594.978/0068-85;SMARTFIT ESCOLA DE GINASTICA E DANCA S.A;SAO PAULO;SP;SMARTFIT - 07594978006885
07.594.978;07.594.978/0074-23;SMARTFIT ESCOLA DE GINASTICA E DANCA S.A;SAO PAULO;SP;SMARTFIT - 07594978007423
07.594.978;07.594.978/0077-76;SMARTFIT ESCOLA DE GINASTICA E DANCA S.A;SAO PAULO;SP;SMARTFIT - 07594978007776
07.594.978;07.594.978/0078-57;SMARTFIT ESCOLA DE GINASTICA E DANCA S.A;SAO PAULO;SP;SMARTFIT - 07594978007857
07.594.978;07.594.978/0080-71;SMARTFIT ESCOLA DE GINASTICA E DANCA S.A;SAO PAULO;SP;SMARTFIT - 07594978008071
07.594.978;07.594.978/0083-14;SMARTFIT ESCOLA DE GINASTICA E DANCA S.A;SAO PAULO;SP;SMARTFIT - 07594978008314
07.594.978;07.594.978/0084-03;SMARTFIT ESCOLA DE GINASTICA E DANCA S.A;SAO PAULO;SP;SMARTFIT - 07594978008403
07.594.978;07.594.978/0085-86;SMARTFIT ESCOLA DE GINASTICA E DANCA S.A;SÃO BERNARDO DO CAMPO;SP;SMARTFIT - 07594978008586
07.594.978;07.594.978/0087-48;SMARTFIT ESCOLA DE GINASTICA E DANCA S.A;GUARUJÁ;SP;SMARTFIT - 07594978008748
07.594.978;07.594.978/0088-29;SMARTFIT ESCOLA DE GINASTICA E DANCA S.A;CAMPINAS;SP;SMARTFIT - 07594978008829
07.594.978;07.594.978/0090-43;SMARTFIT ESCOLA DE GINASTICA E DANCA S.A;SAO PAULO;SP;SMARTFIT - 07594978009043
07.594.978;07.594.978/0094-77;SMARTFIT ESCOLA DE GINASTICA E DANCA S.A;SAO PAULO;SP;SMARTFIT - 07594978009477
07.594.978;07.594.978/0095-58;SMARTFIT ESCOLA DE GINASTICA E DANCA S.A;SANTOS;SP;SMARTFIT - 07594978009558
07.594.978;07.594.978/0096-39;SMARTFIT ESCOLA DE GINASTICA E DANCA S.A;SAO PAULO;SP;SMARTFIT - 07594978009639
07.594.978;07.594.978/0101-30;SMARTFIT ESCOLA DE GINASTICA E DANCA S.A;SAO PAULO;SP;SMARTFIT - 07594978010130
07.594.978;07.594.978/0102-11;SMARTFIT ESCOLA DE GINASTICA E DANCA S.A;SAO PAULO;SP;SMARTFIT - 07594978010211
07.594.978;07.594.978/0103-00;SMARTFIT ESCOLA DE GINASTICA E DANCA S.A;SAO PAULO;SP;SMARTFIT - 07594978010300
07.594.978;07.594.978/0104-83;SMARTFIT ESCOLA DE GINASTICA E DANCA S.A;SAO PAULO;SP;SMARTFIT - 07594978010483
07.594.978;07.594.978/0105-64;SMARTFIT ESCOLA DE GINASTICA E DANCA S.A;SAO PAULO;SP;SMARTFIT - 07594978010564
07.594.978;07.594.978/0106-45;SMARTFIT ESCOLA DE GINASTICA E DANCA S.A;SAO PAULO;SP;SMARTFIT - 07594978010645
07.594.978;07.594.978/0107-26;SMARTFIT ESCOLA DE GINASTICA E DANCA S.A;SAO PAULO;SP;SMARTFIT - 07594978010726
07.594.978;07.594.978/0109-98;SMARTFIT ESCOLA DE GINASTICA E DANCA S.A;PRAIA GRANDE;SP;SMARTFIT - 07594978010998
07.594.978;07.594.978/0110-21;SMARTFIT ESCOLA DE GINASTICA E DANCA S.A;SAO PAULO;SP;SMARTFIT - 07594978011021
07.594.978;07.594.978/0114-55;SMARTFIT ESCOLA DE GINASTICA E DANCA S.A;CAMPINAS;SP;SMARTFIT - 07594978011455
07.594.978;07.594.978/0116-17;SMARTFIT ESCOLA DE GINASTICA E DANCA S.A;SAO PAULO;SP;SMARTFIT - 07594978011617
07.594.978;07.594.978/0117-06;SMARTFIT ESCOLA DE GINASTICA E DANCA S.A;SAO PAULO;SP;SMARTFIT - 07594978011706
07.594.978;07.594.978/0118-89;SMARTFIT ESCOLA DE GINASTICA E DANCA S.A;OSASCO;SP;SMARTFIT - 07594978011889
07.594.978;07.594.978/0119-60;SMARTFIT ESCOLA DE GINASTICA E DANCA S.A;SAO PAULO;SP;SMARTFIT - 07594978011960
07.594.978;07.594.978/0120-01;SMARTFIT ESCOLA DE GINASTICA E DANCA S.A;SAO PAULO;SP;SMARTFIT - 07594978012001
07.594.978;07.594.978/0121-84;SMARTFIT ESCOLA DE GINASTICA E DANCA S.A;SAO PAULO;SP;SMARTFIT - 07594978012184
07.594.978;07.594.978/0122-65;SMARTFIT ESCOLA DE GINASTICA E DANCA S.A;SAO PAULO;SP;SMARTFIT - 07594978012265
07.594.978;07.594.978/0123-46;SMARTFIT ESCOLA DE GINASTICA E DANCA S.A;SAO PAULO;SP;SMARTFIT - 07594978012346
07.594.978;07.594.978/0124-27;SMARTFIT ESCOLA DE GINASTICA E DANCA S.A;SAO PAULO;SP;SMARTFIT - 07594978012427
07.594.978;07.594.978/0125-08;SMARTFIT ESCOLA DE GINASTICA E DANCA S.A;SAO PAULO;SP;SMARTFIT - 07594978012508
07.594.978;07.594.978/0126-99;SMARTFIT ESCOLA DE GINASTICA E DANCA S.A;SAO PAULO;SP;SMARTFIT - 07594978012699
07.594.978;07.594.978/0127-70;SMARTFIT ESCOLA DE GINASTICA E DANCA S.A;SAO PAULO;SP;SMARTFIT - 07594978012770
07.594.978;07.594.978/0128-50;SMARTFIT ESCOLA DE GINASTICA E DANCA S.A;SAO PAULO;SP;SMARTFIT - 07594978012850
07.594.978;07.594.978/0129-31;SMARTFIT ESCOLA DE GINASTICA E DANCA S.A;SAO PAULO;SP;SMARTFIT - 07594978012931
07.594.978;07.594.978/0130-75;SMARTFIT ESCOLA DE GINASTICA E DANCA S.A;SAO PAULO;SP;SMARTFIT - 07594978013075
07.594.978;07.594.978/0141-28;SMARTFIT ESCOLA DE GINASTICA E DANCA S.A;SAO PAULO;SP;SMARTFIT - 07594978014128
07.594.978;07.594.978/0142-09;SMARTFIT ESCOLA DE GINASTICA E DANCA S.A;SOROCABA;SP;SMARTFIT - 07594978014209
07.594.978;07.594.978/0147-13;SMARTFIT ESCOLA DE GINASTICA E DANCA S.A;SAO PAULO;SP;SMARTFIT - 07594978014713
07.594.978;07.594.978/0148-02;SMARTFIT ESCOLA DE GINASTICA E DANCA S.A;SAO PAULO;SP;SMARTFIT - 07594978014802
07.594.978;07.594.978/0149-85;SMARTFIT ESCOLA DE GINASTICA E DANCA S.A;SAO PAULO;SP;SMARTFIT - 07594978014985
07.594.978;07.594.978/0150-19;SMARTFIT ESCOLA DE GINASTICA E DANCA S.A;SAO PAULO;SP;SMARTFIT - 07594978015019
07.594.978;07.594.978/0151-08;SMARTFIT ESCOLA DE GINASTICA E DANCA S.A;SAO PAULO;SP;SMARTFIT - 07594978015108
07.594.978;07.594.978/0152-80;SMARTFIT ESCOLA DE GINASTICA E DANCA S.A;SANTOS;SP;SMARTFIT - 07594978015280
07.594.978;07.594.978/0153-61;SMARTFIT ESCOLA DE GINASTICA E DANCA S.A;SAO PAULO;SP;SMARTFIT - 07594978015361
07.594.978;07.594.978/0155-23;SMARTFIT ESCOLA DE GINASTICA E DANCA S.A;GUARULHOS;SP;SMARTFIT - 07594978015523
07.594.978;07.594.978/0156-04;SMARTFIT ESCOLA DE GINASTICA E DANCA S.A;SAO PAULO;SP;SMARTFIT - 07594978015604
07.594.978;07.594.978/0157-95;SMARTFIT ESCOLA DE GINASTICA E DANCA S.A;SÃO VICENTE;SP;SMARTFIT - 07594978015795
07.594.978;07.594.978/0160-90;SMARTFIT ESCOLA DE GINASTICA E DANCA S.A;SAO PAULO;SP;SMARTFIT - 07594978016090
07.594.978;07.594.978/0165-03;SMARTFIT ESCOLA DE GINASTICA E DANCA S.A;SÃO BERNARDO DO CAMPO;SP;SMARTFIT - 07594978016503
07.594.978;07.594.978/0169-29;SMARTFIT ESCOLA DE GINASTICA E DANCA S.A;SAO PAULO;SP;SMARTFIT - 07594978016929
07.594.978;07.594.978/0170-62;SMARTFIT ESCOLA DE GINASTICA E DANCA S.A;PRAIA GRANDE;SP;SMARTFIT - 07594978017062
07.594.978;07.594.978/0171-43;SMARTFIT ESCOLA DE GINASTICA E DANCA S.A;SAO PAULO;SP;SMARTFIT - 07594978017143
07.594.978;07.594.978/0173-05;SMARTFIT ESCOLA DE GINASTICA E DANCA S.A;TABOÃO DA SERRA;SP;SMARTFIT - 07594978017305
07.594.978;07.594.978/0174-96;SMARTFIT ESCOLA DE GINASTICA E DANCA S.A;JUNDIAÍ;SP;SMARTFIT - 07594978017496
07.594.978;07.594.978/0175-77;SMARTFIT ESCOLA DE GINASTICA E DANCA S.A;SAO PAULO;SP;SMARTFIT - 07594978017577
07.594.978;07.594.978/0176-58;SMARTFIT ESCOLA DE GINASTICA E DANCA S.A;SANTOS;SP;SMARTFIT - 07594978017658
07.594.978;07.594.978/0178-10;SMARTFIT ESCOLA DE GINASTICA E DANCA S.A;SAO PAULO;SP;SMARTFIT - 07594978017810
07.594.978;07.594.978/0182-04;SMARTFIT ESCOLA DE GINASTICA E DANCA S.A;SAO PAULO;SP;SMARTFIT - 07594978018204
07.594.978;07.594.978/0183-87;SMARTFIT ESCOLA DE GINASTICA E DANCA S.A;SAO PAULO;SP;SMARTFIT - 07594978018387
07.594.978;07.594.978/0185-49;SMARTFIT ESCOLA DE GINASTICA E DANCA S.A;SAO PAULO;SP;SMARTFIT - 07594978018549
07.594.978;07.594.978/0186-20;SMARTFIT ESCOLA DE GINASTICA E DANCA S.A;SAO PAULO;SP;SMARTFIT - 07594978018620
07.594.978;07.594.978/0187-00;SMARTFIT ESCOLA DE GINASTICA E DANCA S.A;SAO PAULO;SP;SMARTFIT - 07594978018700
07.594.978;07.594.978/0188-91;SMARTFIT ESCOLA DE GINASTICA E DANCA S.A;SAO PAULO;SP;SMARTFIT - 07594978018891
07.594.978;07.594.978/0190-06;SMARTFIT ESCOLA DE GINASTICA E DANCA S.A;SAO PAULO;SP;SMARTFIT - 07594978019006
07.594.978;07.594.978/0201-01;SMARTFIT ESCOLA DE GINASTICA E DANCA S.A;SAO PAULO;SP;SMARTFIT - 07594978020101
07.594.978;07.594.978/0202-84;SMARTFIT ESCOLA DE GINASTICA E DANCA S.A;SAO PAULO;SP;SMARTFIT - 07594978020284
07.594.978;07.594.978/0204-46;SMARTFIT ESCOLA DE GINASTICA E DANCA S.A;BARUERI;SP;SMARTFIT - 07594978020446
07.594.978;07.594.978/0205-27;SMARTFIT ESCOLA DE GINASTICA E DANCA S.A;SAO PAULO;SP;SMARTFIT - 07594978020527
07.594.978;07.594.978/0206-08;SMARTFIT ESCOLA DE GINASTICA E DANCA S.A;SANTO ANDRÉ;SP;SMARTFIT - 07594978020608
07.594.978;07.594.978/0207-99;SMARTFIT ESCOLA DE GINASTICA E DANCA S.A;SAO PAULO;SP;SMARTFIT - 07594978020799
07.594.978;07.594.978/0208-70;SMARTFIT ESCOLA DE GINASTICA E DANCA S.A;SAO PAULO;SP;SMARTFIT - 07594978020870
07.594.978;07.594.978/0211-75;SMARTFIT ESCOLA DE GINASTICA E DANCA S.A;SAO PAULO;SP;SMARTFIT - 07594978021175
07.594.978;07.594.978/0212-56;SMARTFIT ESCOLA DE GINASTICA E DANCA S.A;SAO PAULO;SP;SMARTFIT - 07594978021256
07.594.978;07.594.978/0213-37;SMARTFIT ESCOLA DE GINASTICA E DANCA S.A;GUARUJÁ;SP;SMARTFIT - 07594978021337
07.594.978;07.594.978/0214-18;SMARTFIT ESCOLA DE GINASTICA E DANCA S.A;SAO PAULO;SP;SMARTFIT - 07594978021418
07.594.978;07.594.978/0215-07;SMARTFIT ESCOLA DE GINASTICA E DANCA S.A;SAO PAULO;SP;SMARTFIT - 07594978021507
07.594.978;07.594.978/0216-80;SMARTFIT ESCOLA DE GINASTICA E DANCA S.A;SANTO ANDRÉ;SP;SMARTFIT - 07594978021680
07.594.978;07.594.978/0217-60;SMARTFIT ESCOLA DE GINASTICA E DANCA S.A;SAO PAULO;SP;SMARTFIT - 07594978021760
07.594.978;07.594.978/0218-41;SMARTFIT ESCOLA DE GINASTICA E DANCA S.A;SAO PAULO;SP;SMARTFIT - 07594978021841
07.594.978;07.594.978/0221-47;SMARTFIT ESCOLA DE GINASTICA E DANCA S.A;SAO PAULO;SP;SMARTFIT - 07594978022147
07.594.978;07.594.978/0222-28;SMARTFIT ESCOLA DE GINASTICA E DANCA S.A;SAO PAULO;SP;SMARTFIT - 07594978022228
07.594.978;07.594.978/0223-09;SMARTFIT ESCOLA DE GINASTICA E DANCA S.A;SAO PAULO;SP;SMARTFIT - 07594978022309
07.594.978;07.594.978/0227-32;SMARTFIT ESCOLA DE GINASTICA E DANCA S.A;SAO PAULO;SP;SMARTFIT - 07594978022732
07.594.978;07.594.978/0230-38;SMARTFIT ESCOLA DE GINASTICA E DANCA S.A;SAO PAULO;SP;SMARTFIT - 07594978023038
07.594.978;07.594.978/0231-19;SMARTFIT ESCOLA DE GINASTICA E DANCA S.A;SAO PAULO;SP;SMARTFIT - 07594978023119
07.594.978;07.594.978/0232-08;SMARTFIT ESCOLA DE GINASTICA E DANCA S.A;SAO PAULO;SP;SMARTFIT - 07594978023208
07.594.978;07.594.978/0234-61;SMARTFIT ESCOLA DE GINASTICA E DANCA S.A;SAO PAULO;SP;SMARTFIT - 07594978023461
07.594.978;07.594.978/0235-42;SMARTFIT ESCOLA DE GINASTICA E DANCA S.A;SAO PAULO;SP;SMARTFIT - 07594978023542
07.594.978;07.594.978/0236-23;SMARTFIT ESCOLA DE GINASTICA E DANCA S.A;GUARULHOS;SP;SMARTFIT - 07594978023623
07.594.978;07.594.978/0237-04;SMARTFIT ESCOLA DE GINASTICA E DANCA S.A;SAO PAULO;SP;SMARTFIT - 07594978023704
07.594.978;07.594.978/0301-66;SMARTFIT ESCOLA DE GINASTICA E DANCA S.A;SAO PAULO;SP;SMARTFIT - 07594978030166
07.594.978;07.594.978/0302-47;SMARTFIT ESCOLA DE GINASTICA E DANCA S.A;SAO PAULO;SP;SMARTFIT - 07594978030247
07.594.978;07.594.978/0305-90;SMARTFIT ESCOLA DE GINASTICA E DANCA S.A;SÃO VICENTE;SP;SMARTFIT - 07594978030590
07.594.978;07.594.978/0317-23;SMARTFIT ESCOLA DE GINASTICA E DANCA S.A;SANTO ANDRÉ;SP;SMARTFIT - 07594978031723
07.594.978;07.594.978/0318-04;SMARTFIT ESCOLA DE GINASTICA E DANCA S.A;SAO PAULO;SP;SMARTFIT - 07594978031804
07.594.978;07.594.978/0319-95;SMARTFIT ESCOLA DE GINASTICA E DANCA S.A;SÃO BERNARDO DO CAMPO;SP;SMARTFIT - 07594978031995
07.594.978;07.594.978/0324-52;SMARTFIT ESCOLA DE GINASTICA E DANCA S.A;GUARULHOS;SP;SMARTFIT - 07594978032452
07.594.978;07.594.978/0325-33;SMARTFIT ESCOLA DE GINASTICA E DANCA S.A;SAO PAULO;SP;SMARTFIT - 07594978032533
07.594.978;07.594.978/0332-62;SMARTFIT ESCOLA DE GINASTICA E DANCA S.A;SAO PAULO;SP;SMARTFIT - 07594978033262
07.594.978;07.594.978/0333-43;SMARTFIT ESCOLA DE GINASTICA E DANCA S.A;SAO PAULO;SP;SMARTFIT - 07594978033343
07.594.978;07.594.978/0336-96;SMARTFIT ESCOLA DE GINASTICA E DANCA S.A;SAO PAULO;SP;SMARTFIT - 07594978033696
07.594.978;07.594.978/0337-77;SMARTFIT ESCOLA DE GINASTICA E DANCA S.A;SAO PAULO;SP;SMARTFIT - 07594978033777
07.594.978;07.594.978/0338-58;SMARTFIT ESCOLA DE GINASTICA E DANCA S.A;OSASCO;SP;SMARTFIT - 07594978033858
07.594.978;07.594.978/0339-39;SMARTFIT ESCOLA DE GINASTICA E DANCA S.A;SAO PAULO;SP;SMARTFIT - 07594978033939
07.594.978;07.594.978/0340-72;SMARTFIT ESCOLA DE GINASTICA E DANCA S.A;SOROCABA;SP;SMARTFIT - 07594978034072
07.594.978;07.594.978/0343-15;SMARTFIT ESCOLA DE GINASTICA E DANCA S.A;SAO PAULO;SP;SMARTFIT - 07594978034315
07.594.978;07.594.978/0351-25;SMARTFIT ESCOLA DE GINASTICA E DANCA S.A;SAO PAULO;SP;SMARTFIT - 07594978035125
07.594.978;07.594.978/0352-06;SMARTFIT ESCOLA DE GINASTICA E DANCA S.A;SAO PAULO;SP;SMARTFIT - 07594978035206
07.594.978;07.594.978/0353-97;SMARTFIT ESCOLA DE GINASTICA E DANCA S.A;SAO PAULO;SP;SMARTFIT - 07594978035397
07.594.978;07.594.978/0354-78;SMARTFIT ESCOLA DE GINASTICA E DANCA S.A;SAO PAULO;SP;SMARTFIT - 07594978035478
07.594.978;07.594.978/0355-59;SMARTFIT ESCOLA DE GINASTICA E DANCA S.A;SAO PAULO;SP;SMARTFIT - 07594978035559
07.594.978;07.594.978/0358-00;SMARTFIT ESCOLA DE GINASTICA E DANCA S.A;SAO PAULO;SP;SMARTFIT - 07594978035800
07.594.978;07.594.978/0359-82;SMARTFIT ESCOLA DE GINASTICA E DANCA S.A;SAO PAULO;SP;SMARTFIT - 07594978035982
07.594.978;07.594.978/0360-16;SMARTFIT ESCOLA DE GINASTICA E DANCA S.A;SAO PAULO;SP;SMARTFIT - 07594978036016
07.594.978;07.594.978/0362-88;SMARTFIT ESCOLA DE GINASTICA E DANCA S.A;SANTO ANDRÉ;SP;SMARTFIT - 07594978036288
07.594.978;07.594.978/0363-69;SMARTFIT ESCOLA DE GINASTICA E DANCA S.A;SAO PAULO;SP;SMARTFIT - 07594978036369
07.594.978;07.594.978/0367-92;SMARTFIT ESCOLA DE GINASTICA E DANCA S.A;CAMPINAS;SP;SMARTFIT - 07594978036792
07.594.978;07.594.978/0370-98;SMARTFIT ESCOLA DE GINASTICA E DANCA S.A;SAO PAULO;SP;SMARTFIT - 07594978037098
07.594.978;07.594.978/0371-79;SMARTFIT ESCOLA DE GINASTICA E DANCA S.A;SAO PAULO;SP;SMARTFIT - 07594978037179
07.594.978;07.594.978/0372-50;SMARTFIT ESCOLA DE GINASTICA E DANCA S.A;SAO PAULO;SP;SMARTFIT - 07594978037250
07.594.978;07.594.978/0373-30;SMARTFIT ESCOLA DE GINASTICA E DANCA S.A;SAO PAULO;SP;SMARTFIT - 07594978037330
07.594.978;07.594.978/0374-11;SMARTFIT ESCOLA DE GINASTICA E DANCA S.A;SAO PAULO;SP;SMARTFIT - 07594978037411
07.594.978;07.594.978/0375-00;SMARTFIT ESCOLA DE GINASTICA E DANCA S.A;SAO PAULO;SP;SMARTFIT - 07594978037500
07.594.978;07.594.978/0376-83;SMARTFIT ESCOLA DE GINASTICA E DANCA S.A;SAO PAULO;SP;SMARTFIT - 07594978037683
07.594.978;07.594.978/0377-64;SMARTFIT ESCOLA DE GINASTICA E DANCA S.A;SAO PAULO;SP;SMARTFIT - 07594978037764
07.594.978;07.594.978/0378-45;SMARTFIT ESCOLA DE GINASTICA E DANCA S.A;SÃO BERNARDO DO CAMPO;SP;SMARTFIT - 07594978037845
07.594.978;07.594.978/0379-26;SMARTFIT ESCOLA DE GINASTICA E DANCA S.A;SAO PAULO;SP;SMARTFIT - 07594978037926
07.594.978;07.594.978/0381-40;SMARTFIT ESCOLA DE GINASTICA E DANCA S.A;SAO PAULO;SP;SMARTFIT - 07594978038140
07.594.978;07.594.978/0393-84;SMARTFIT ESCOLA DE GINASTICA E DANCA S.A;SÃO BERNARDO DO CAMPO;SP;SMARTFIT - 07594978039384
07.594.978;07.594.978/0394-65;SMARTFIT ESCOLA DE GINASTICA E DANCA S.A;SANTO ANDRÉ;SP;SMARTFIT - 07594978039465
07.594.978;07.594.978/0395-46;SMARTFIT ESCOLA DE GINASTICA E DANCA S.A;CAMPINAS;SP;SMARTFIT - 07594978039546
07.594.978;07.594.978/0398-99;SMARTFIT ESCOLA DE GINASTICA E DANCA S.A;OSASCO;SP;SMARTFIT - 07594978039899
07.594.978;07.594.978/0400-48;SMARTFIT ESCOLA DE GINASTICA E DANCA S.A;SAO PAULO;SP;SMARTFIT - 07594978040048
07.594.978;07.594.978/0401-29;SMARTFIT ESCOLA DE GINASTICA E DANCA S.A;GUARULHOS;SP;SMARTFIT - 07594978040129
07.594.978;07.594.978/0403-90;SMARTFIT ESCOLA DE GINASTICA E DANCA S.A;SAO PAULO;SP;SMARTFIT - 07594978040390
07.594.978;07.594.978/0407-14;SMARTFIT ESCOLA DE GINASTICA E DANCA S.A;SAO PAULO;SP;SMARTFIT - 07594978040714
07.594.978;07.594.978/0412-81;SMARTFIT ESCOLA DE GINASTICA E DANCA S.A;PRAIA GRANDE;SP;SMARTFIT - 07594978041281
07.594.978;07.594.978/0413-62;SMARTFIT ESCOLA DE GINASTICA E DANCA S.A;GUARULHOS;SP;SMARTFIT - 07594978041362
07.594.978;07.594.978/0418-77;SMARTFIT ESCOLA DE GINASTICA E DANCA S.A;BARUERI;SP;SMARTFIT - 07594978041877
07.594.978;07.594.978/0427-68;SMARTFIT ESCOLA DE GINASTICA E DANCA S.A;SAO PAULO;SP;SMARTFIT - 07594978042768
07.594.978;07.594.978/0430-63;SMARTFIT ESCOLA DE GINASTICA E DANCA S.A;OSASCO;SP;SMARTFIT - 07594978043063
07.594.978;07.594.978/0432-25;SMARTFIT ESCOLA DE GINASTICA E DANCA S.A;SANTO ANDRÉ;SP;SMARTFIT - 07594978043225
07.594.978;07.594.978/0439-00;SMARTFIT ESCOLA DE GINASTICA E DANCA S.A;SAO PAULO;SP;SMARTFIT - 07594978043900
07.594.978;07.594.978/0441-16;SMARTFIT ESCOLA DE GINASTICA E DANCA S.A;SAO PAULO;SP;SMARTFIT - 07594978044116
07.594.978;07.594.978/0449-73;SMARTFIT ESCOLA DE GINASTICA E DANCA S.A;DIADEMA;SP;SMARTFIT - 07594978044973
07.594.978;07.594.978/0452-79;SMARTFIT ESCOLA DE GINASTICA E DANCA S.A;SAO PAULO;SP;SMARTFIT - 07594978045279
07.594.978;07.594.978/0454-30;SMARTFIT ESCOLA DE GINASTICA E DANCA S.A;SAO PAULO;SP;SMARTFIT - 07594978045430
07.594.978;07.594.978/0465-93;SMARTFIT ESCOLA DE GINASTICA E DANCA S.A;SOROCABA;SP;SMARTFIT - 07594978046593
07.594.978;07.594.978/0466-74;SMARTFIT ESCOLA DE GINASTICA E DANCA S.A;SAO PAULO;SP;SMARTFIT - 07594978046674
07.594.978;07.594.978/0467-55;SMARTFIT ESCOLA DE GINASTICA E DANCA S.A;SAO PAULO;SP;SMARTFIT - 07594978046755
07.594.978;07.594.978/0468-36;SMARTFIT ESCOLA DE GINASTICA E DANCA S.A;SAO PAULO;SP;SMARTFIT - 07594978046836
07.594.978;07.594.978/0470-50;SMARTFIT ESCOLA DE GINASTICA E DANCA S.A;GUARUJÁ;SP;SMARTFIT - 07594978047050
07.594.978;07.594.978/0471-31;SMARTFIT ESCOLA DE GINASTICA E DANCA S.A;SAO PAULO;SP;SMARTFIT - 07594978047131
07.594.978;07.594.978/0477-27;SMARTFIT ESCOLA DE GINASTICA E DANCA S.A;GUARULHOS;SP;SMARTFIT - 07594978047727
07.594.978;07.594.978/0481-03;SMARTFIT ESCOLA DE GINASTICA E DANCA S.A;SAO PAULO;SP;SMARTFIT - 07594978048103
07.594.978;07.594.978/0482-94;SMARTFIT ESCOLA DE GINASTICA E DANCA S.A;SAO PAULO;SP;SMARTFIT - 07594978048294
07.594.978;07.594.978/0498-51;SMARTFIT ESCOLA DE GINASTICA E DANCA S.A;SAO PAULO;SP;SMARTFIT - 07594978049851
07.594.978;07.594.978/0501-91;SMARTFIT ESCOLA DE GINASTICA E DANCA S.A;SAO PAULO;SP;SMARTFIT - 07594978050191
07.594.978;07.594.978/0504-34;SMARTFIT ESCOLA DE GINASTICA E DANCA S.A;SAO PAULO;SP;SMARTFIT - 07594978050434
07.594.978;07.594.978/0505-15;SMARTFIT ESCOLA DE GINASTICA E DANCA S.A;SAO PAULO;SP;SMARTFIT - 07594978050515
07.594.978;07.594.978/0455-11;SMARTFIT ESCOLA DE GINASTICA E DANCA S.A;ARACAJU;SE;SMARTFIT - 07594978045511
07.594.978;07.594.978/0473-01;SMARTFIT ESCOLA DE GINASTICA E DANCA S.A;ARACAJU;SE;SMARTFIT - 07594978047301
07.594.978;07.594.978/0135-80;SMARTFIT ESCOLA DE GINASTICA E DANCA S.A;RIO DE JANEIRO;RJ;SMARTFIT - 07594978013580
07.594.978;07.594.978/0138-22;SMARTFIT ESCOLA DE GINASTICA E DANCA S.A;NILOPOLIS;RJ;SMARTFIT - 07594978013822
07.594.978;07.594.978/0144-70;SMARTFIT ESCOLA DE GINASTICA E DANCA S.A;RIO DE JANEIRO;RJ;SMARTFIT - 07594978014470
07.594.978;07.594.978/0145-51;SMARTFIT ESCOLA DE GINASTICA E DANCA S.A;RIO DE JANEIRO;RJ;SMARTFIT - 07594978014551
07.594.978;07.594.978/0146-32;SMARTFIT ESCOLA DE GINASTICA E DANCA S.A;RIO DE JANEIRO;RJ;SMARTFIT - 07594978014632
07.594.978;07.594.978/0192-78;SMARTFIT ESCOLA DE GINASTICA E DANCA S.A;RIO DE JANEIRO;RJ;SMARTFIT - 07594978019278
07.594.978;07.594.978/0193-59;SMARTFIT ESCOLA DE GINASTICA E DANCA S.A;RIO DE JANEIRO;RJ;SMARTFIT - 07594978019359
07.594.978;07.594.978/0194-30;SMARTFIT ESCOLA DE GINASTICA E DANCA S.A;RIO DE JANEIRO;RJ;SMARTFIT - 07594978019430
07.594.978;07.594.978/0195-10;SMARTFIT ESCOLA DE GINASTICA E DANCA S.A;RIO DE JANEIRO;RJ;SMARTFIT - 07594978019510
07.594.978;07.594.978/0196-00;SMARTFIT ESCOLA DE GINASTICA E DANCA S.A;RIO DE JANEIRO;RJ;SMARTFIT - 07594978019600
07.594.978;07.594.978/0197-82;SMARTFIT ESCOLA DE GINASTICA E DANCA S.A;RIO DE JANEIRO;RJ;SMARTFIT - 07594978019782
07.594.978;07.594.978/0198-63;SMARTFIT ESCOLA DE GINASTICA E DANCA S.A;NITEROI;RJ;SMARTFIT - 07594978019863
07.594.978;07.594.978/0199-44;SMARTFIT ESCOLA DE GINASTICA E DANCA S.A;RIO DE JANEIRO;RJ;SMARTFIT - 07594978019944
07.594.978;07.594.978/0200-12;SMARTFIT ESCOLA DE GINASTICA E DANCA S.A;RIO DE JANEIRO;RJ;SMARTFIT - 07594978020012
07.594.978;07.594.978/0210-94;SMARTFIT ESCOLA DE GINASTICA E DANCA S.A;RIO DE JANEIRO;RJ;SMARTFIT - 07594978021094
07.594.978;07.594.978/0228-13;SMARTFIT ESCOLA DE GINASTICA E DANCA S.A;RIO DE JANEIRO;RJ;SMARTFIT - 07594978022813
07.594.978;07.594.978/0238-95;SMARTFIT ESCOLA DE GINASTICA E DANCA S.A;RIO DE JANEIRO;RJ;SMARTFIT - 07594978023895
07.594.978;07.594.978/0239-76;SMARTFIT ESCOLA DE GINASTICA E DANCA S.A;RIO DE JANEIRO;RJ;SMARTFIT - 07594978023976
07.594.978;07.594.978/0240-00;SMARTFIT ESCOLA DE GINASTICA E DANCA S.A;RIO DE JANEIRO;RJ;SMARTFIT - 07594978024000
07.594.978;07.594.978/0241-90;SMARTFIT ESCOLA DE GINASTICA E DANCA S.A;RIO DE JANEIRO;RJ;SMARTFIT - 07594978024190
07.594.978;07.594.978/0242-71;SMARTFIT ESCOLA DE GINASTICA E DANCA S.A;RIO DE JANEIRO;RJ;SMARTFIT - 07594978024271
07.594.978;07.594.978/0243-52;SMARTFIT ESCOLA DE GINASTICA E DANCA S.A;RIO DE JANEIRO;RJ;SMARTFIT - 07594978024352
07.594.978;07.594.978/0244-33;SMARTFIT ESCOLA DE GINASTICA E DANCA S.A;RIO DE JANEIRO;RJ;SMARTFIT - 07594978024433
07.594.978;07.594.978/0245-14;SMARTFIT ESCOLA DE GINASTICA E DANCA S.A;RIO DE JANEIRO;RJ;SMARTFIT - 07594978024514
07.594.978;07.594.978/0247-86;SMARTFIT ESCOLA DE GINASTICA E DANCA S.A;RIO DE JANEIRO;RJ;SMARTFIT - 07594978024786
07.594.978;07.594.978/0248-67;SMARTFIT ESCOLA DE GINASTICA E DANCA S.A;RIO DE JANEIRO;RJ;SMARTFIT - 07594978024867
07.594.978;07.594.978/0249-48;SMARTFIT ESCOLA DE GINASTICA E DANCA S.A;RIO DE JANEIRO;RJ;SMARTFIT - 07594978024948
07.594.978;07.594.978/0250-81;SMARTFIT ESCOLA DE GINASTICA E DANCA S.A;RIO DE JANEIRO;RJ;SMARTFIT - 07594978025081
07.594.978;07.594.978/0251-62;SMARTFIT ESCOLA DE GINASTICA E DANCA S.A;RIO DE JANEIRO;RJ;SMARTFIT - 07594978025162
07.594.978;07.594.978/0252-43;SMARTFIT ESCOLA DE GINASTICA E DANCA S.A;RIO DE JANEIRO;RJ;SMARTFIT - 07594978025243
07.594.978;07.594.978/0253-24;SMARTFIT ESCOLA DE GINASTICA E DANCA S.A;RIO DE JANEIRO;RJ;SMARTFIT - 07594978025324
07.594.978;07.594.978/0254-05;SMARTFIT ESCOLA DE GINASTICA E DANCA S.A;RIO DE JANEIRO;RJ;SMARTFIT - 07594978025405
07.594.978;07.594.978/0255-96;SMARTFIT ESCOLA DE GINASTICA E DANCA S.A;RIO DE JANEIRO;RJ;SMARTFIT - 07594978025596
07.594.978;07.594.978/0256-77;SMARTFIT ESCOLA DE GINASTICA E DANCA S.A;RIO DE JANEIRO;RJ;SMARTFIT - 07594978025677
07.594.978;07.594.978/0257-58;SMARTFIT ESCOLA DE GINASTICA E DANCA S.A;RIO DE JANEIRO;RJ;SMARTFIT - 07594978025758
07.594.978;07.594.978/0258-39;SMARTFIT ESCOLA DE GINASTICA E DANCA S.A;RIO DE JANEIRO;RJ;SMARTFIT - 07594978025839
07.594.978;07.594.978/0259-10;SMARTFIT ESCOLA DE GINASTICA E DANCA S.A;RIO DE JANEIRO;RJ;SMARTFIT - 07594978025910
07.594.978;07.594.978/0260-53;SMARTFIT ESCOLA DE GINASTICA E DANCA S.A;RIO DE JANEIRO;RJ;SMARTFIT - 07594978026053
07.594.978;07.594.978/0261-34;SMARTFIT ESCOLA DE GINASTICA E DANCA S.A;RIO DE JANEIRO;RJ;SMARTFIT - 07594978026134
07.594.978;07.594.978/0262-15;SMARTFIT ESCOLA DE GINASTICA E DANCA S.A;RIO DE JANEIRO;RJ;SMARTFIT - 07594978026215
07.594.978;07.594.978/0263-04;SMARTFIT ESCOLA DE GINASTICA E DANCA S.A;RIO DE JANEIRO;RJ;SMARTFIT - 07594978026304
07.594.978;07.594.978/0264-87;SMARTFIT ESCOLA DE GINASTICA E DANCA S.A;RIO DE JANEIRO;RJ;SMARTFIT - 07594978026487
07.594.978;07.594.978/0265-68;SMARTFIT ESCOLA DE GINASTICA E DANCA S.A;RIO DE JANEIRO;RJ;SMARTFIT - 07594978026568
07.594.978;07.594.978/0266-49;SMARTFIT ESCOLA DE GINASTICA E DANCA S.A;RIO DE JANEIRO;RJ;SMARTFIT - 07594978026649
07.594.978;07.594.978/0267-20;SMARTFIT ESCOLA DE GINASTICA E DANCA S.A;RIO DE JANEIRO;RJ;SMARTFIT - 07594978026720
07.594.978;07.594.978/0268-00;SMARTFIT ESCOLA DE GINASTICA E DANCA S.A;RIO DE JANEIRO;RJ;SMARTFIT - 07594978026800
07.594.978;07.594.978/0269-91;SMARTFIT ESCOLA DE GINASTICA E DANCA S.A;RIO DE JANEIRO;RJ;SMARTFIT - 07594978026991
07.594.978;07.594.978/0270-25;SMARTFIT ESCOLA DE GINASTICA E DANCA S.A;RIO DE JANEIRO;RJ;SMARTFIT - 07594978027025
07.594.978;07.594.978/0271-06;SMARTFIT ESCOLA DE GINASTICA E DANCA S.A;RIO DE JANEIRO;RJ;SMARTFIT - 07594978027106
07.594.978;07.594.978/0272-97;SMARTFIT ESCOLA DE GINASTICA E DANCA S.A;RIO DE JANEIRO;RJ;SMARTFIT - 07594978027297
07.594.978;07.594.978/0273-78;SMARTFIT ESCOLA DE GINASTICA E DANCA S.A;RIO DE JANEIRO;RJ;SMARTFIT - 07594978027378
07.594.978;07.594.978/0274-59;SMARTFIT ESCOLA DE GINASTICA E DANCA S.A;RIO DE JANEIRO;RJ;SMARTFIT - 07594978027459
07.594.978;07.594.978/0275-30;SMARTFIT ESCOLA DE GINASTICA E DANCA S.A;RIO DE JANEIRO;RJ;SMARTFIT - 07594978027530
07.594.978;07.594.978/0276-10;SMARTFIT ESCOLA DE GINASTICA E DANCA S.A;MESQUITA;RJ;SMARTFIT - 07594978027610
07.594.978;07.594.978/0277-00;SMARTFIT ESCOLA DE GINASTICA E DANCA S.A;NITEROI;RJ;SMARTFIT - 07594978027700
07.594.978;07.594.978/0279-63;SMARTFIT ESCOLA DE GINASTICA E DANCA S.A;NITEROI;RJ;SMARTFIT - 07594978027963
07.594.978;07.594.978/0280-05;SMARTFIT ESCOLA DE GINASTICA E DANCA S.A;NITEROI;RJ;SMARTFIT - 07594978028005
07.594.978;07.594.978/0281-88;SMARTFIT ESCOLA DE GINASTICA E DANCA S.A;NITEROI;RJ;SMARTFIT - 07594978028188
07.594.978;07.594.978/0282-69;SMARTFIT ESCOLA DE GINASTICA E DANCA S.A;Armacao de Buzios;RJ;SMARTFIT - 07594978028269
07.594.978;07.594.978/0284-20;SMARTFIT ESCOLA DE GINASTICA E DANCA S.A;RIO DE JANEIRO;RJ;SMARTFIT - 07594978028420
07.594.978;07.594.978/0285-01;SMARTFIT ESCOLA DE GINASTICA E DANCA S.A;RIO DE JANEIRO;RJ;SMARTFIT - 07594978028501
07.594.978;07.594.978/0286-92;SMARTFIT ESCOLA DE GINASTICA E DANCA S.A;RIO DE JANEIRO;RJ;SMARTFIT - 07594978028692
07.594.978;07.594.978/0287-73;SMARTFIT ESCOLA DE GINASTICA E DANCA S.A;RIO DE JANEIRO;RJ;SMARTFIT - 07594978028773
07.594.978;07.594.978/0288-54;SMARTFIT ESCOLA DE GINASTICA E DANCA S.A;RIO DE JANEIRO;RJ;SMARTFIT - 07594978028854
07.594.978;07.594.978/0289-35;SMARTFIT ESCOLA DE GINASTICA E DANCA S.A;RIO DE JANEIRO;RJ;SMARTFIT - 07594978028935
07.594.978;07.594.978/0290-79;SMARTFIT ESCOLA DE GINASTICA E DANCA S.A;RIO DE JANEIRO;RJ;SMARTFIT - 07594978029079
07.594.978;07.594.978/0291-50;SMARTFIT ESCOLA DE GINASTICA E DANCA S.A;RIO DE JANEIRO;RJ;SMARTFIT - 07594978029150
07.594.978;07.594.978/0292-30;SMARTFIT ESCOLA DE GINASTICA E DANCA S.A;RIO DE JANEIRO;RJ;SMARTFIT - 07594978029230
07.594.978;07.594.978/0293-11;SMARTFIT ESCOLA DE GINASTICA E DANCA S.A;RIO DE JANEIRO;RJ;SMARTFIT - 07594978029311
07.594.978;07.594.978/0294-00;SMARTFIT ESCOLA DE GINASTICA E DANCA S.A;RIO DE JANEIRO;RJ;SMARTFIT - 07594978029400
07.594.978;07.594.978/0295-83;SMARTFIT ESCOLA DE GINASTICA E DANCA S.A;SÃO JOAO DE MERITI;RJ;SMARTFIT - 07594978029583
07.594.978;07.594.978/0296-64;SMARTFIT ESCOLA DE GINASTICA E DANCA S.A;SÃO GONCALO;RJ;SMARTFIT - 07594978029664
07.594.978;07.594.978/0297-45;SMARTFIT ESCOLA DE GINASTICA E DANCA S.A;DUQUE DE CAXIAS;RJ;SMARTFIT - 07594978029745
07.594.978;07.594.978/0298-26;SMARTFIT ESCOLA DE GINASTICA E DANCA S.A;BELFORD ROXO;RJ;SMARTFIT - 07594978029826
07.594.978;07.594.978/0299-07;SMARTFIT ESCOLA DE GINASTICA E DANCA S.A;SÃO GONCALO;RJ;SMARTFIT - 07594978029907
07.594.978;07.594.978/0308-32;SMARTFIT ESCOLA DE GINASTICA E DANCA S.A;RIO DE JANEIRO;RJ;SMARTFIT - 07594978030832
07.594.978;07.594.978/0309-13;SMARTFIT ESCOLA DE GINASTICA E DANCA S.A;SÃO JOAO DE MERITI;RJ;SMARTFIT - 07594978030913
07.594.978;07.594.978/0310-57;SMARTFIT ESCOLA DE GINASTICA E DANCA S.A;RIO DE JANEIRO;RJ;SMARTFIT - 07594978031057
07.594.978;07.594.978/0335-05;SMARTFIT ESCOLA DE GINASTICA E DANCA S.A;RIO DE JANEIRO;RJ;SMARTFIT - 07594978033505
07.594.978;07.594.978/0342-34;SMARTFIT ESCOLA DE GINASTICA E DANCA S.A;RIO DE JANEIRO;RJ;SMARTFIT - 07594978034234
07.594.978;07.594.978/0344-04;SMARTFIT ESCOLA DE GINASTICA E DANCA S.A;RIO DE JANEIRO;RJ;SMARTFIT - 07594978034404
07.594.978;07.594.978/0348-20;SMARTFIT ESCOLA DE GINASTICA E DANCA S.A;RIO DE JANEIRO;RJ;SMARTFIT - 07594978034820
07.594.978;07.594.978/0382-21;SMARTFIT ESCOLA DE GINASTICA E DANCA S.A;RIO DE JANEIRO;RJ;SMARTFIT - 07594978038221
07.594.978;07.594.978/0384-93;SMARTFIT ESCOLA DE GINASTICA E DANCA S.A;NOVA IGUACU;RJ;SMARTFIT - 07594978038493
07.594.978;07.594.978/0387-36;SMARTFIT ESCOLA DE GINASTICA E DANCA S.A;RIO DE JANEIRO;RJ;SMARTFIT - 07594978038736
07.594.978;07.594.978/0390-31;SMARTFIT ESCOLA DE GINASTICA E DANCA S.A;RIO DE JANEIRO;RJ;SMARTFIT - 07594978039031
07.594.978;07.594.978/0396-27;SMARTFIT ESCOLA DE GINASTICA E DANCA S.A;RIO DE JANEIRO;RJ;SMARTFIT - 07594978039627
07.594.978;07.594.978/0406-33;SMARTFIT ESCOLA DE GINASTICA E DANCA S.A;RIO DE JANEIRO;RJ;SMARTFIT - 07594978040633
07.594.978;07.594.978/0411-09;SMARTFIT ESCOLA DE GINASTICA E DANCA S.A;DUQUE DE CAXIAS;RJ;SMARTFIT - 07594978041109
07.594.978;07.594.978/0417-96;SMARTFIT ESCOLA DE GINASTICA E DANCA S.A;RIO DE JANEIRO;RJ;SMARTFIT - 07594978041796
07.594.978;07.594.978/0434-97;SMARTFIT ESCOLA DE GINASTICA E DANCA S.A;RIO DE JANEIRO;RJ;SMARTFIT - 07594978043497
07.594.978;07.594.978/0436-59;SMARTFIT ESCOLA DE GINASTICA E DANCA S.A;RIO DE JANEIRO;RJ;SMARTFIT - 07594978043659
07.594.978;07.594.978/0448-92;SMARTFIT ESCOLA DE GINASTICA E DANCA S.A;RIO DE JANEIRO;RJ;SMARTFIT - 07594978044892
07.594.978;07.594.978/0450-07;SMARTFIT ESCOLA DE GINASTICA E DANCA S.A;RIO DE JANEIRO;RJ;SMARTFIT - 07594978045007
07.594.978;07.594.978/0451-98;SMARTFIT ESCOLA DE GINASTICA E DANCA S.A;RIO DE JANEIRO;RJ;SMARTFIT - 07594978045198
07.594.978;07.594.978/0453-50;SMARTFIT ESCOLA DE GINASTICA E DANCA S.A;RIO DE JANEIRO;RJ;SMARTFIT - 07594978045350
07.594.978;07.594.978/0456-00;SMARTFIT ESCOLA DE GINASTICA E DANCA S.A;RIO DE JANEIRO;RJ;SMARTFIT - 07594978045600
07.594.978;07.594.978/0457-83;SMARTFIT ESCOLA DE GINASTICA E DANCA S.A;RIO DE JANEIRO;RJ;SMARTFIT - 07594978045783
07.594.978;07.594.978/0458-64;SMARTFIT ESCOLA DE GINASTICA E DANCA S.A;ANGRA DOS REIS;RJ;SMARTFIT - 07594978045864
07.594.978;07.594.978/0459-45;SMARTFIT ESCOLA DE GINASTICA E DANCA S.A;RIO DE JANEIRO;RJ;SMARTFIT - 07594978045945
07.594.978;07.594.978/0463-21;SMARTFIT ESCOLA DE GINASTICA E DANCA S.A;RIO DE JANEIRO;RJ;SMARTFIT - 07594978046321
07.594.978;07.594.978/0472-12;SMARTFIT ESCOLA DE GINASTICA E DANCA S.A;SÃO GONCALO;RJ;SMARTFIT - 07594978047212
07.594.978;07.594.978/0483-75;SMARTFIT ESCOLA DE GINASTICA E DANCA S.A;SÃO GONCALO;RJ;SMARTFIT - 07594978048375
07.594.978;07.594.978/0486-18;SMARTFIT ESCOLA DE GINASTICA E DANCA S.A;NOVA IGUACU;RJ;SMARTFIT - 07594978048618
07.594.978;07.594.978/0489-60;SMARTFIT ESCOLA DE GINASTICA E DANCA S.A;RIO DE JANEIRO;RJ;SMARTFIT - 07594978048960
07.594.978;07.594.978/0491-85;SMARTFIT ESCOLA DE GINASTICA E DANCA S.A;RIO DE JANEIRO;RJ;SMARTFIT - 07594978049185
07.594.978;07.594.978/0506-04;SMARTFIT ESCOLA DE GINASTICA E DANCA S.A;NOVA IGUACU;RJ;SMARTFIT - 07594978050604
07.594.978;07.594.978/0507-87;SMARTFIT ESCOLA DE GINASTICA E DANCA S.A;NOVA IGUACU;RJ;SMARTFIT - 07594978050787
07.594.978;07.594.978/0516-78;SMARTFIT ESCOLA DE GINASTICA E DANCA S.A;MACEIO;AL;SMARTFIT - 07594978051678
07.594.978;07.594.978/0519-10;SMARTFIT ESCOLA DE GINASTICA E DANCA S.A;BELO HORIZONTE;MG;SMARTFIT - 07594978051910
07.594.978;07.594.978/0509-49;SMARTFIT ESCOLA DE GINASTICA E DANCA S.A;BELO HORIZONTE;MG;SMARTFIT - 07594978050949
07.594.978;07.594.978/0508-68;SMARTFIT ESCOLA DE GINASTICA E DANCA S.A;BELO HORIZONTE;MG;SMARTFIT - 07594978050868
07.594.978;07.594.978/0511-63;SMARTFIT ESCOLA DE GINASTICA E DANCA S.A;BELO HORIZONTE;MG;SMARTFIT - 07594978051163
07.594.978;07.594.978/0512-44;SMARTFIT ESCOLA DE GINASTICA E DANCA S.A;BELO HORIZONTE;MG;SMARTFIT - 07594978051244
07.594.978;07.594.978/0521-35;SMARTFIT ESCOLA DE GINASTICA E DANCA S.A;BELO HORIZONTE;MG;SMARTFIT - 07594978052135
07.594.978;07.594.978/0523-05;SMARTFIT ESCOLA DE GINASTICA E DANCA S.A;BELO HORIZONTE;MG;SMARTFIT - 07594978052305
07.594.978;07.594.978/0522-16;SMARTFIT ESCOLA DE GINASTICA E DANCA S.A;BELO HORIZONTE;MG;SMARTFIT - 07594978052216
07.594.978;07.594.978/0524-88;SMARTFIT ESCOLA DE GINASTICA E DANCA S.A;BELO HORIZONTE;MG;SMARTFIT - 07594978052488
07.594.978;07.594.978/0517-59;SMARTFIT ESCOLA DE GINASTICA E DANCA S.A;RECIFE;PE;SMARTFIT - 07594978051759
07.594.978;07.594.978/0518-30;SMARTFIT ESCOLA DE GINASTICA E DANCA S.A;RECIFE;PE;SMARTFIT - 07594978051830
07.594.978;07.594.978/0526-40;SMARTFIT ESCOLA DE GINASTICA E DANCA S.A;NATAL;RN;SMARTFIT - 07594978052640
07.594.978;07.594.978/0513-25;SMARTFIT ESCOLA DE GINASTICA E DANCA S.A;SAO PAULO;SP;SMARTFIT - 07594978051325
07.594.978;07.594.978/0520-54;SMARTFIT ESCOLA DE GINASTICA E DANCA S.A;SAO PAULO;SP;SMARTFIT - 07594978052054
07.594.978;07.594.978/0514-06;SMARTFIT ESCOLA DE GINASTICA E DANCA S.A;SAO PAULO;SP;SMARTFIT - 07594978051406
07.594.978;07.594.978/0515-97;SMARTFIT ESCOLA DE GINASTICA E DANCA S.A;SAO PAULO;SP;SMARTFIT - 07594978051597
07.594.978;07.594.978/0529-92;SMARTFIT ESCOLA DE GINASTICA E DANCA S.A;SAO PAULO;SP;SMARTFIT - 07594978052992
07.594.978;07.594.978/0528-01;SMARTFIT ESCOLA DE GINASTICA E DANCA S.A;RIO DE JANEIRO;RJ;SMARTFIT - 07594978052801
07.594.978;07.594.978/0534-50;SMARTFIT ESCOLA DE GINASTICA E DANCA S.A;RIO DE JANEIRO;RJ;SMARTFIT - 07594978053450
08.644.821;08.644.821/0002-53;ADV ESPORTE E SAUDE LTDA;BRASÍLIA;DF;ADV ESPORTE - 08644821000253
08.644.821;08.644.821/0003-34;ADV ESPORTE E SAUDE LTDA;BRASÍLIA;DF;ADV ESPORTE - 08644821000334
08.644.821;08.644.821/0004-15;ADV ESPORTE E SAUDE LTDA;BRASÍLIA;DF;ADV ESPORTE - 08644821000415
08.644.821;08.644.821/0005-04;ADV ESPORTE E SAUDE LTDA;BRASÍLIA;DF;ADV ESPORTE - 08644821000504
08.644.821;08.644.821/0006-87;ADV ESPORTE E SAUDE LTDA;BRASÍLIA;DF;ADV ESPORTE - 08644821000687
08.644.821;08.644.821/0007-68;ADV ESPORTE E SAUDE LTDA;BRASÍLIA;DF;ADV ESPORTE - 08644821000768
08.644.821;08.644.821/0008-49;ADV ESPORTE E SAUDE LTDA;BRASÍLIA;DF;ADV ESPORTE - 08644821000849
08.644.821;08.644.821/0009-20;ADV ESPORTE E SAUDE LTDA;BRASÍLIA;DF;ADV ESPORTE - 08644821000920
08.644.821;08.644.821/0010-63;ADV ESPORTE E SAUDE LTDA;BRASÍLIA;DF;ADV ESPORTE - 08644821001063
08.644.821;08.644.821/0012-25;ADV ESPORTE E SAUDE LTDA;BRASÍLIA;DF;ADV ESPORTE - 08644821001225
08.644.821;08.644.821/0013-06;ADV ESPORTE E SAUDE LTDA;BRASÍLIA;DF;ADV ESPORTE - 08644821001306
08.644.821;08.644.821/0014-97;ADV ESPORTE E SAUDE LTDA;BRASÍLIA;DF;ADV ESPORTE - 08644821001497
08.644.821;08.644.821/0015-78;ADV ESPORTE E SAUDE LTDA;BRASÍLIA;DF;ADV ESPORTE - 08644821001578
08.644.821;08.644.821/0016-59;ADV ESPORTE E SAUDE LTDA;BRASÍLIA;DF;ADV ESPORTE - 08644821001659
08.644.821;08.644.821/0017-30;ADV ESPORTE E SAUDE LTDA;BRASÍLIA;DF;ADV ESPORTE - 08644821001730
08.644.821;08.644.821/0018-10;ADV ESPORTE E SAUDE LTDA;BRASÍLIA;DF;ADV ESPORTE - 08644821001810
08.644.821;08.644.821/0019-00;ADV ESPORTE E SAUDE LTDA;BRASÍLIA;DF;ADV ESPORTE - 08644821001900
08.644.821;08.644.821/0020-35;ADV ESPORTE E SAUDE LTDA;BRASÍLIA;DF;ADV ESPORTE - 08644821002035
08.644.821;08.644.821/0021-16;ADV ESPORTE E SAUDE LTDA;BRASÍLIA;DF;ADV ESPORTE - 08644821002116
08.644.821;08.644.821/0022-05;ADV ESPORTE E SAUDE LTDA;BRASÍLIA;DF;ADV ESPORTE - 08644821002205
08.644.821;08.644.821/0023-88;ADV ESPORTE E SAUDE LTDA;BRASÍLIA;DF;ADV ESPORTE - 08644821002388
08.644.821;08.644.821/0024-69;ADV ESPORTE E SAUDE LTDA;BRASÍLIA;DF;ADV ESPORTE - 08644821002469
08.644.821;08.644.821/0025-40;ADV ESPORTE E SAUDE LTDA;BRASÍLIA;DF;ADV ESPORTE - 08644821002540
08.644.821;08.644.821/0026-20;ADV ESPORTE E SAUDE LTDA;BRASÍLIA;DF;ADV ESPORTE - 08644821002620
08.644.821;08.644.821/0027-01;ADV ESPORTE E SAUDE LTDA;BRASÍLIA;DF;ADV ESPORTE - 08644821002701
13.266.676;13.266.676/0002-54;ASNSMART ACADEMIA DE GINASTICA LTDA;BRASÍLIA;DF;ASNSMART - 13266676000254
16.738.149;16.738.149/0002-93;JUST FIT PARTICIPACOES EM EMPREENDIMENTOS S.A.;TABOÃO DA SERRA;SP;JUST FIT PARTICIPACOES - 16738149000293
16.738.149;16.738.149/0003-74;JUST FIT PARTICIPACOES EM EMPREENDIMENTOS S.A.;BAURU;SP;JUST FIT PARTICIPACOES - 16738149000374
16.738.149;16.738.149/0004-55;JUST FIT PARTICIPACOES EM EMPREENDIMENTOS S.A.;MOGI DAS CRUZES;SP;JUST FIT PARTICIPACOES - 16738149000455
16.738.149;16.738.149/0006-17;JUST FIT PARTICIPACOES EM EMPREENDIMENTOS S.A.;SAO PAULO;SP;JUST FIT PARTICIPACOES - 16738149000617
16.738.149;16.738.149/0008-89;JUST FIT PARTICIPACOES EM EMPREENDIMENTOS S.A.;SAO PAULO;SP;JUST FIT PARTICIPACOES - 16738149000889
16.738.149;16.738.149/0009-60;JUST FIT PARTICIPACOES EM EMPREENDIMENTOS S.A.;BAURU;SP;JUST FIT PARTICIPACOES - 16738149000960
16.738.149;16.738.149/0012-65;JUST FIT PARTICIPACOES EM EMPREENDIMENTOS S.A.;AVARE;SP;JUST FIT PARTICIPACOES - 16738149001265
16.738.149;16.738.149/0013-46;JUST FIT PARTICIPACOES EM EMPREENDIMENTOS S.A.;BARRETOS;SP;JUST FIT PARTICIPACOES - 16738149001346
16.738.149;16.738.149/0016-99;JUST FIT PARTICIPACOES EM EMPREENDIMENTOS S.A.;SAO PAULO;SP;JUST FIT PARTICIPACOES - 16738149001699
16.738.149;16.738.149/0018-50;JUST FIT PARTICIPACOES EM EMPREENDIMENTOS S.A.;SAO PAULO;SP;JUST FIT PARTICIPACOES - 16738149001850
16.738.149;16.738.149/0019-31;JUST FIT PARTICIPACOES EM EMPREENDIMENTOS S.A.;SAO PAULO;SP;JUST FIT PARTICIPACOES - 16738149001931
16.738.149;16.738.149/0020-75;JUST FIT PARTICIPACOES EM EMPREENDIMENTOS S.A.;MARÍLIA;SP;JUST FIT PARTICIPACOES - 16738149002075
16.738.149;16.738.149/0021-56;JUST FIT PARTICIPACOES EM EMPREENDIMENTOS S.A.;CAJAMAR;SP;JUST FIT PARTICIPACOES - 16738149002156
16.738.149;16.738.149/0022-37;JUST FIT PARTICIPACOES EM EMPREENDIMENTOS S.A.;SÃO BERNARDO DO CAMPO;SP;JUST FIT PARTICIPACOES - 16738149002237
16.738.149;16.738.149/0024-07;JUST FIT PARTICIPACOES EM EMPREENDIMENTOS S.A.;SAO PAULO;SP;JUST FIT PARTICIPACOES - 16738149002407
16.738.149;16.738.149/0025-80;JUST FIT PARTICIPACOES EM EMPREENDIMENTOS S.A.;SAO PAULO;SP;JUST FIT PARTICIPACOES - 16738149002580
16.738.149;16.738.149/0026-60;JUST FIT PARTICIPACOES EM EMPREENDIMENTOS S.A.;SAO PAULO;SP;JUST FIT PARTICIPACOES - 16738149002660
16.738.149;16.738.149/0027-41;JUST FIT PARTICIPACOES EM EMPREENDIMENTOS S.A.;SAO PAULO;SP;JUST FIT PARTICIPACOES - 16738149002741
16.738.149;16.738.149/0028-22;JUST FIT PARTICIPACOES EM EMPREENDIMENTOS S.A.;SAO PAULO;SP;JUST FIT PARTICIPACOES - 16738149002822
16.738.149;16.738.149/0029-03;JUST FIT PARTICIPACOES EM EMPREENDIMENTOS S.A.;ARARAQUARA;SP;JUST FIT PARTICIPACOES - 16738149002903
16.738.149;16.738.149/0030-47;JUST FIT PARTICIPACOES EM EMPREENDIMENTOS S.A.;TABOÃO DA SERRA;SP;JUST FIT PARTICIPACOES - 16738149003047
16.738.149;16.738.149/0032-09;JUST FIT PARTICIPACOES EM EMPREENDIMENTOS S.A.;SAO PAULO;SP;JUST FIT PARTICIPACOES - 16738149003209
16.738.149;16.738.149/0033-90;JUST FIT PARTICIPACOES EM EMPREENDIMENTOS S.A.;SAO PAULO;SP;JUST FIT PARTICIPACOES - 16738149003390
16.738.149;16.738.149/0034-70;JUST FIT PARTICIPACOES EM EMPREENDIMENTOS S.A.;SAO PAULO;SP;JUST FIT PARTICIPACOES - 16738149003470
16.738.149;16.738.149/0036-32;JUST FIT PARTICIPACOES EM EMPREENDIMENTOS S.A.;SAO PAULO;SP;JUST FIT PARTICIPACOES - 16738149003632
16.738.149;16.738.149/0037-13;JUST FIT PARTICIPACOES EM EMPREENDIMENTOS S.A.;SAO PAULO;SP;JUST FIT PARTICIPACOES - 16738149003713
16.738.149;16.738.149/0038-02;JUST FIT PARTICIPACOES EM EMPREENDIMENTOS S.A.;GUARULHOS;SP;JUST FIT PARTICIPACOES - 16738149003802
16.738.149;16.738.149/0007-06;JUST FIT PARTICIPACOES EM EMPREENDIMENTOS S.A.;SAO PAULO;SP;JUST FIT PARTICIPACOES - 16738149000706
21.035.115;21.035.115/0002-72;SMARTMNG ACADEMIA DE GINASTICA LTDA.;BELO HORIZONTE;MG;SMARTMNG - 21035115000272
21.035.115;21.035.115/0003-53;SMARTMNG ACADEMIA DE GINASTICA LTDA.;BELO HORIZONTE;MG;SMARTMNG - 21035115000353
21.035.115;21.035.115/0004-34;SMARTMNG ACADEMIA DE GINASTICA LTDA.;BELO HORIZONTE;MG;SMARTMNG - 21035115000434
21.035.115;21.035.115/0005-15;SMARTMNG ACADEMIA DE GINASTICA LTDA.;BELO HORIZONTE;MG;SMARTMNG - 21035115000515
21.035.115;21.035.115/0006-04;SMARTMNG ACADEMIA DE GINASTICA LTDA.;BELO HORIZONTE;MG;SMARTMNG - 21035115000604
21.035.115;21.035.115/0007-87;SMARTMNG ACADEMIA DE GINASTICA LTDA.;BELO HORIZONTE;MG;SMARTMNG - 21035115000787
21.035.115;21.035.115/0008-68;SMARTMNG ACADEMIA DE GINASTICA LTDA.;BELO HORIZONTE;MG;SMARTMNG - 21035115000868
21.035.115;21.035.115/0009-49;SMARTMNG ACADEMIA DE GINASTICA LTDA.;CONTAGEM;MG;SMARTMNG - 21035115000949
21.035.115;21.035.115/0010-82;SMARTMNG ACADEMIA DE GINASTICA LTDA.;BELO HORIZONTE;MG;SMARTMNG - 21035115001082
21.035.115;21.035.115/0011-63;SMARTMNG ACADEMIA DE GINASTICA LTDA.;BELO HORIZONTE;MG;SMARTMNG - 21035115001163
21.035.115;21.035.115/0012-44;SMARTMNG ACADEMIA DE GINASTICA LTDA.;BELO HORIZONTE;MG;SMARTMNG - 21035115001244
21.035.115;21.035.115/0013-25;SMARTMNG ACADEMIA DE GINASTICA LTDA.;BELO HORIZONTE;MG;SMARTMNG - 21035115001325
21.822.363;21.822.363/0002-63;SMARTRFE ESCOLA DE GINASTICA E DANCA LTDA.;MACEIO;AL;SMARTRFE - 21822363000263
21.822.363;21.822.363/0005-06;SMARTRFE ESCOLA DE GINASTICA E DANCA LTDA.;MACEIO;AL;SMARTRFE - 21822363000506
21.822.363;21.822.363/0008-59;SMARTRFE ESCOLA DE GINASTICA E DANCA LTDA.;RECIFE;PE;SMARTRFE - 21822363000859
21.822.363;21.822.363/0010-73;SMARTRFE ESCOLA DE GINASTICA E DANCA LTDA.;RECIFE;PE;SMARTRFE - 21822363001073
21.822.363;21.822.363/0006-97;SMARTRFE ESCOLA DE GINASTICA E DANCA LTDA.;NATAL;RN;SMARTRFE - 21822363000697
21.822.363;21.822.363/0007-78;SMARTRFE ESCOLA DE GINASTICA E DANCA LTDA.;NATAL;RN;SMARTRFE - 21822363000778
58.410.341;58.410.341/0002-04;ESCOLA DE NATACAO E GINASTICA BIOMORUM LTDA;SAO PAULO;SP;BIOMORUM - 58410341000204
58.410.341;58.410.341/0003-87;ESCOLA DE NATACAO E GINASTICA BIOMORUM LTDA;SAO PAULO;SP;BIOMORUM - 58410341000387
