Empresa;CNPJ Raiz;UF;Cidade;CNPJ;IE;I.Municipal;Nº Processo Notificação;NºLançamento;Natureza;Competencia Legislativa;Valor principal;Valor Total;Data da Ciencia;Prazo;Nome Fiscal;Responsável Fiscalização;N° do Registro /OS;Periodo INICIO;Periodo fim;Loja;Bandeira;;Classificação;"Tipos de Intimação
";Prazo interno para atendimento ;Tributo;Prazo Fatal;Valores Defensáveis;Status Fiscal;;Data Previa Analise Juridico;Escritório Parceiro;Status Jurídico
JK;83.994.589;CE;Fortaleza;83.994.589/9358-92;96.488899-8;96.488899-8;292.298.588;222;ISS;Municipal;R$ 60.009,00;R$ 80.009,00;16/03/2022;30/04/2022;Carlos  ;Emerson;2.288.483;16/12/2021;19/07/2023;1269;KPSN;;FALTA DE RECOLHIMENTO;Intimação Fiscal;31/03/2022;ISS;05/04/2022;R$50.009,00;Fiscal Analisando;;05/05/2022;ABC assessoria juridca;Aguardando documentação
JK;83.994.589;CE;Fortaleza;83.994.589/9358-92;96.488899-8;96.488899-8;292.298.582;2.222;ISS;Municipal;R$ 60.009,00;R$ 80.009,00;16/03/2022;30/04/2022;Maria  ;Marcela;2.288.483;16/12/2021;19/07/2023;1269;KPSN;;FALTA DE RECOLHIMENTO;Intimação Fiscal;31/03/2022;ISS;05/04/2022;R$50.009,00;Perda Provável 90%;;05/05/2022;W Carlos Juridico;Levantamento de documentos
JK;83.994.589;CE;Fortaleza;83.994.589/9358-92;96.488899-8;96.488899-8;292.298.583;2.223;ISS;Municipal;R$ 60.009,00;R$ 80.009,00;16/03/2022;30/04/2022;Edvaldo  ;Juliana;2.288.483;16/12/2021;19/07/2023;1269;KPSN;;FALTA DE RECOLHIMENTO;Intimação Fiscal;31/03/2022;ISS;05/04/2022;R$50.009,00;Perda Remota 10%;;05/05/2022;BD Juridco;Análise em conjunto com Fiscal
AB;99.963.969;CE;Fortaleza;99.963.969/9969-59;96.488899-8;96.488899-8;292.298.586;2.226;ISS;Municipal;R$ 60.009,00;R$ 80.009,00;16/03/2022;30/04/2022;Gilmar ;Sergio;2.288.483;16/12/2021;19/07/2023;1269;KPSN;;FALTA DE RECOLHIMENTO;Intimação Fiscal;31/03/2022;ISS;05/04/2022;R$50.009,00;Perda Parcial aprox 50%;;05/05/2022;Matos Juridico ;Defesa em análise
AS;93.299.765;ES;Vitória;93.299.765/9998-87;982.385.39-9;982.38800.39-9;63.969.996.959;6.366;ISS;Municipal;R$ 60.009,00;R$ 80.009,00;16/03/2022;30/04/2022;Alves ;Camila;N/A;16/12/2021;19/07/2023;4933;AMK;;FALTA DE RECOLHIMENTO;Intimação Fiscal;31/03/2022;ISS;05/04/2022;R$50.009,00;Perda Parcial aprox 30%;;05/05/2022;RBR Juridica;Pedido de revisão
AB;99.963.969;PB;João Pessoa;99.963.969/9594-67;86.259.829-9;86.28009.829-9;909.090.903;898.373.881;ISS;Municipal;R$ 60.009,00;R$ 80.009,00;16/03/2022;30/04/2022;Carlos  ;Claudio;N/A;16/12/2021;19/07/2023;4223;AMK;;FALTA DE RECOLHIMENTO;Intimação Fiscal;31/03/2022;ISS;05/04/2022;R$50.009,00;Perda Parcial aprox 70%;;05/05/2022;BD Juridco;Sob análise do escritório
AB;99.963.969;SP;Sao Paulo;99.963.969/9999-58;299.239.999.999;299.239.999.999;95.392.922;3.222;ISS;Municipal;R$ 60.009,00;R$ 80.009,00;18/03/2022;02/05/2022;Edvaldo  ;Claudio;78.827.228;18/12/2021;21/07/2023;3792;AMK;;FALTA DE RECOLHIMENTO;Intimação Fiscal;02/04/2022;ISS;07/04/2022;R$50.009,00;Perda Provável 100%;;07/05/2022;Matos Juridico ;Aguardando documentação
AB;99.963.969;RJ;Rio de Janeiro;99.963.969/9387-69;79.547.282;209.800.420.282;543.737.388;437.373;IR CS;Federal;R$ 60.009,00;R$ 80.009,00;11/05/2019;25/06/2019;Edvaldo  ;Camila;54.373.738;10/02/2019;12/09/2020;1478;AMK;;Multa;current AIIM;26/05/2019;IR CS;31/05/2019;R$50.009,00;Perda Provável 100%;;30/06/2019;JK advocacia;Aguardando documentação
AS;93.299.765;PB;João Pessoa;93.299.765/9495-58;86.362.489-4;86.362.489-4;292.239.989;2.223;IR CS;Federal;R$ 60.009,00;R$ 80.009,00;12/05/2019;26/06/2019;Marcos  ;Fernana;222.474;11/02/2019;13/09/2020;4945;AMS;;Erro de calculo;current AIIM;27/05/2019;IR CS;01/06/2019;R$50.009,00;Perda Remota 10%;;01/07/2019;Douglas escritório Juridico;Levantamento de documentos
AB;99.963.969;PB;João Pessoa;99.963.969/9579-46;86.362.489-4;86.362.489-4;292.239.988;2.223;IR CS;Federal;R$ 60.009,00;R$ 80.009,00;12/05/2019;26/06/2019;Serafin;Claudio;222.474;11/02/2019;13/09/2020;4945;AMS;;Erro de calculo;current AIIM;27/05/2019;IR CS;01/06/2019;R$50.009,00;Perda Parcial aprox 50%;;01/07/2019;Douglas escritório Juridico;Análise em conjunto com Fiscal
AS;93.299.765;ES;Vitória;93.299.765/9998-93;982.399.66-6;982.399.66-6;63.969.994.279;636.427;ICMS;Estadual;R$ 60.009,00;R$ 80.009,00;17/05/2019;01/07/2019;Alves ;Juliana;N/A;16/02/2019;18/09/2020;1996;AMK;;ICMS-ST - Falta de recolhimento;Intimação Fiscal;01/06/2019;ICMS;06/06/2019;R$50.009,00;Fiscal Analisando;;06/07/2019;Matos Juridico ;Aguardando cálculos do Fiscal
AS;93.299.765;SC;Florianópolis;93.299.765/9982-82;255.865.287;2.800.800.868.002.820;2.299.999.999.999;22;ICMS;Estadual;R$ 60.009,00;R$ 80.009,00;17/05/2019;01/07/2019;Marcos  ;Sergio;22;16/02/2019;18/09/2020;1999;AMS;;PEDIDO DE RESSARCIMENTO DO ICMS;Intimação Fiscal;01/06/2019;ICMS;06/06/2019;R$50.009,00;Perda Provável 90%;;06/07/2019;RBR Juridica;Defesa em análise
AS;93.299.765;RN;Natal;93.299.765/9496-82;29.297.596-9;29.2920.80096-9;65.648;664;ICMS;Estadual;R$ 60.009,00;R$ 80.009,00;31/05/2019;15/07/2019;Edvaldo  ;Claudio;65.648;02/03/2019;02/10/2020;4943;AMK;;PEDIDO DE RESSARCIMENTO DO ICMS;current AIIM;15/06/2019;ICMS;20/06/2019;R$50.009,00;Perda Remota 10%;;20/07/2019;RBR Juridica;Aguardando recurso
AB;99.963.969;PE;Recife;99.963.969/9989-32;9388589-35;938880089-3800;292.299.999.347.997.000;2.223.477;ICMS;Estadual;R$ 60.009,00;R$ 80.009,00;13/06/2019;28/07/2019;Marcos  ;Juliana;22.886.528;15/03/2019;15/10/2020;1593;AMS;;PEDIDO DE RESSARCIMENTO DO ICMS;Intimação Fiscal;28/06/2019;ICMS;03/07/2019;R$50.009,00;Fiscal e Juridico Analisando;;02/08/2019;Carlos assessoria jur.;Levantamento de documentos
AB;99.963.969;MS;Campo Grande;99.963.969/9889-54;28.344.539-4;28.344.80039-4;6.462.922;646.222;ICMS;Estadual;R$ 60.009,00;R$ 80.009,00;15/06/2019;30/07/2019;N/A;Camila;N/A;17/03/2019;17/10/2020;1918;AMK;;PEDIDO DE RESSARCIMENTO DO ICMS;Intimação Fiscal;30/06/2019;ICMS;05/07/2019;R$50.009,00;Perda Parcial aprox 70%;;04/08/2019;Matos Juridico ;Pedido de revisão
AS;93.299.765;CE;Fortaleza;93.299.765/9347-98;96.392334-2;96.392334-2;2.922.942.624;22.242.624;ICMS;Estadual;R$ 60.299,64;R$ 80.299,64;16/05/2022;30/06/2022;Serafin;Claudio;2.288.482;15/02/2022;12/03/2023;192;KPSN;;ICMS-ST - Falta de recolhimento;Intimação Fiscal;31/05/2022;ICMS;05/06/2022;R$50.299,64;Perda Parcial aprox 50%;;05/07/2022;Douglas escritório Juridico;Defesa em análise
AB;99.963.969;CE;Fortaleza;99.963.969/9335-38;96.488899-8;96.488899-8;2.922.946.345;2.224.634;ICMS;Estadual;R$ 60.399,79;R$ 80.399,79;20/05/2022;04/07/2022;Gilmar ;Camila;2.288.483;19/02/2022;16/03/2023;1269;KPSN;;ICMS-ST - Falta de recolhimento;Intimação Fiscal;04/06/2022;ICMS;09/06/2022;R$50.399,79;Perda Remota 10%;;09/07/2022;Douglas escritório Juridico;Aguardando cálculos do Fiscal
JK;83.994.589;CE;Fortaleza;83.994.589/9358-92;96.488899-8;96.488899-8;2.922.946.397;2.224.637;ICMS;Estadual;R$ 60.928,35;R$ 80.928,35;20/05/2022;04/07/2022;Carlos  ;Marcela;2.288.483;19/02/2022;16/03/2023;1269;KPSN;;ICMS-ST - Falta de recolhimento;Intimação Fiscal;04/06/2022;ICMS;09/06/2022;R$50.928,35;Perda Provável 90%;;09/07/2022;Douglas escritório Juridico;Análise em conjunto com Fiscal
JK;83.994.589;CE;Fortaleza;83.994.589/9358-92;96.488899-8;96.488899-8;292.298.589;222;ISS;Municipal;R$ 60.928,35;R$ 80.928,35;16/03/2022;30/04/2022;João;Douglas ;2.288.483;16/12/2021;19/07/2023;1269;KPSN;;FALTA DE RECOLHIMENTO;Intimação Fiscal;31/03/2022;ISS;05/04/2022;R$50.928,35;Aguardando resposta do Fiscal;;05/05/2022;LL Assessoria Juridca;Sob análise do escritório
JK;83.994.589;BA;Salvador;83.994.589/9259-29;52.992.988;8.002.992.988;97.422.699.999.999;74.226;IOF;Federal;R$ 60.928,35;R$ 80.928,35;30/03/2021;14/05/2021;Maria  ;Sergio;N/A;30/12/2020;02/08/2022;585;KPKS;;FALTA DE RECOLHIMENTO;current AIIM;14/04/2021;IOF;19/04/2021;R$50.928,35;Fiscal e Juridico Analisando;;19/05/2021;JK advocacia;Pedido de revisão
AB;99.963.969;SP;Sao Paulo;99.963.969/9956-74;848.892.999.999;848.892.999.999;87.927;727;IPI;Federal;R$ 60.928,35;R$ 80.928,35;09/04/2021;24/05/2021;Maria  ;Fernana;N/A;09/01/2021;12/08/2022;4322;AMK;;PRORROGAÇAO DE PRAZO INTIMACAO;current AIIM;24/04/2021;IPI;29/04/2021;R$50.928,35;Perda Provável 90%;;29/05/2021;Douglas escritório Juridico;Aguardando cálculos do Fiscal
AB;99.963.969;PB;João Pessoa;99.963.969/9948-64;86.269.755-4;86.269.20800800-4;63.969.955.779;63.677;IR CS;Federal;R$ 60.928,35;R$ 80.928,35;04/05/2019;18/06/2019;Gilmar ;Juliana;N/A;03/02/2019;05/09/2020;4661;AMK;;Multa;current AIIM;19/05/2019;IR CS;24/05/2019;R$50.928,35;Perda Remota 10%;;23/06/2019;BD Juridco;Pedido de revisão
AB;99.963.969;MA;São Luis;99.963.969/9822-98;822.928.658;82.292.868.008;982.263.999.498;22.634;PIS E COFINS;Federal;R$ 63.528,24;R$ 83.528,24;09/05/2022;23/06/2022;Alves ;Sergio;N/A;08/02/2022;05/03/2023;132;KPSN;;CREDITO PIS E COFINS;Intimação Fiscal;24/05/2022;PIS E COFINS;29/05/2022;R$53.528,24;Fiscal Analisando;;28/06/2022;Carlos assessoria jur.;Levantamento de documentos
JK;83.994.589;SE;Aracaju;83.994.589/9358-92;27.824.857-2;220.824.880020-2;2.922.999.999.999;222;ISS;Municipal;R$ 63.528,24;R$ 83.528,24;14/03/2022;28/04/2022;Serafin;Claudio;N/A;14/12/2021;17/07/2023;1258;KPKS;;FALTA DE RECOLHIMENTO;Intimação Fiscal;29/03/2022;ISS;03/04/2022;R$53.528,24;Fiscal e Juridico Analisando;;03/05/2022;JK advocacia;Aguardando recurso
XP;97.422.629;SP;Sao Paulo;97.422.629/9846-85;296.229.999.999;296.229.999.999;889.552.922;222;IOF;Federal;R$ 63.528,24;R$ 83.528,24;28/03/2021;12/05/2021;Serafin;Juliana;N/A;28/12/2020;31/07/2022;9282;AMK;;FALTA DE RECOLHIMENTO;Intimação Fiscal;12/04/2021;IOF;17/04/2021;R$53.528,24;Juridico Analisando;;17/05/2021;Carlos assessoria jur.;Análise em conjunto com Fiscal
AB;99.963.969;SP;Sao Paulo;99.963.969/9878-76;398.984.999.999;398.984.999.999;83.932.798.898.292.800;332.722;IPI;Federal;R$ 63.528,24;R$ 83.528,24;07/04/2021;22/05/2021;Serafin;Camila;74.222;07/01/2021;10/08/2022;6957;AMK;;PRORROGAÇAO DE PRAZO INTIMACAO;current AIIM;22/04/2021;IPI;27/04/2021;R$53.528,24;Fiscal Analisando;;27/05/2021;Douglas escritório Juridico;Análise em conjunto com Fiscal
AB;99.963.969;RJ;Rio de Janeiro;99.963.969/9564-96;77.936.787;202.093.620.820;334.526;33.426;IR CS;Federal;R$ 63.528,24;R$ 83.528,24;03/05/2019;17/06/2019;Maria  ;Emerson;N/A;02/02/2019;04/09/2020;3712;AMK;;Multa;current AIIM;18/05/2019;IR CS;23/05/2019;R$53.528,24;Fiscal Analisando;;22/06/2019;ABC assessoria juridca;Aguardando cálculos do Fiscal
JK;83.994.589;PI;Teresina;83.994.589/9352-87;894.756.229;894.208.006.229;225.842.639.994.388;22.426.343;PIS E COFINS;Federal;R$ 63.869,46;R$ 83.869,46;28/03/2022;12/05/2022;Gilmar ;Douglas ;22.584.247;28/12/2021;22/01/2023;1337;KPSN;;CREDITO PIS E COFINS;Intimação Fiscal;12/04/2022;PIS E COFINS;17/04/2022;R$53.869,46;Fiscal e Juridico Analisando;;17/05/2022;RBR Juridica;Aguardando documentação
XP;97.422.629;SE;Aracaju;97.422.629/9898-83;27.963.978-9;220.963.9208-9;2.922.999.999.999;222;ISS;Municipal;R$ 63.869,46;R$ 83.869,46;14/03/2022;28/04/2022;Marcos  ;Claudio;N/A;14/12/2021;17/07/2023;599;KPKS;;FALTA DE RECOLHIMENTO;Intimação Fiscal;29/03/2022;ISS;03/04/2022;R$53.869,46;Juridico Analisando;;03/05/2022;ABS Advocacia;Pedido de revisão
AB;99.963.969;SP;Sao Paulo;99.963.969/9998-99;298.849.999.999;298.849.999.999;899.322.922;32.222;IPTU;Municipal;R$ 63.869,46;R$ 83.869,46;28/03/2021;12/05/2021;Marcos  ;Marcela;84.223.228;28/12/2020;31/07/2022;4995;AMK;;FALTA DE RECOLHIMENTO;Intimação Fiscal;12/04/2021;IPTU;17/04/2021;R$53.869,46;Perda Provável 100%;;17/05/2021;RBR Juridica;Levantamento de documentos
AB;99.963.969;PI;Teresina;99.963.969/9999-58;894.779.689;89.420.209.689;229.582.999.999.999;222;IPI;Federal;R$ 63.869,46;R$ 83.869,46;07/04/2021;22/05/2021;Marcos  ;Sergio;228;07/01/2021;10/08/2022;1366;AMS;;PRORROGAÇAO DE PRAZO INTIMACAO;Intimação Fiscal;22/04/2021;IPI;27/04/2021;R$53.869,46;Fiscal e Juridico Analisando;;27/05/2021;Douglas escritório Juridico;Levantamento de documentos
AB;99.963.969;BA;Salvador;99.963.969/9558-83;29.894.995;2.989.499.800;98.698;6;IR CS;Federal;R$ 63.869,46;R$ 83.869,46;28/04/2019;12/06/2019;Marcos  ;Claudio;N/A;28/01/2019;30/08/2020;598;KPKS;;Multa;current AIIM;13/05/2019;IR CS;18/05/2019;R$53.869,46;Juridico Analisando;;17/06/2019;JK advocacia;Levantamento de documentos
JK;83.994.589;CE;Fortaleza;83.994.589/9358-92;96.488899-8;96.488899-8;2.922.946.328;2.224.632;ICMS;Estadual;R$ 64.935,98;R$ 84.935,98;20/05/2022;04/07/2022;Edvaldo  ;Sergio;2.288.483;19/02/2022;16/03/2023;1269;KPSN;;ICMS-ST - Falta de recolhimento;Intimação Fiscal;04/06/2022;ICMS;09/06/2022;R$54.935,98;Juridico Analisando;;09/07/2022;Matos Juridico ;Sob análise do escritório
AS;93.299.765;BA;Salvador;93.299.765/9987-97;78.599.895;2.088.009.989.800;93.299.899.999.999;32;ISS;Municipal;R$ 64.935,98;R$ 84.935,98;14/03/2022;28/04/2022;Edvaldo  ;Douglas ;N/A;14/12/2021;17/07/2023;1132;AMS;;NOTA FISCAL NÃO ESCRITURADA;Intimação Fiscal;29/03/2022;ISS;03/04/2022;R$54.935,98;Fiscal e Juridico Analisando;;03/05/2022;JK advocacia;Defesa em análise
AB;99.963.969;SP;Sao Paulo;99.963.969/9822-98;645.269.999.999;64.800.269.999.999;885.532.922;3.222;IPTU;Municipal;R$ 64.935,98;R$ 84.935,98;28/03/2021;12/05/2021;Alves ;Emerson;N/A;28/12/2020;31/07/2022;3797;AMK;;FALTA DE RECOLHIMENTO;Intimação Fiscal;12/04/2021;IPTU;17/04/2021;R$54.935,98;Perda Parcial aprox 70%;;17/05/2021;Matos Juridico ;Aguardando documentação
AS;93.299.765;BA;Salvador;93.299.765/9496-82;49.823.938;49.823.938;97.422.699.999.999;74.226;IPI;Federal;R$ 64.935,98;R$ 84.935,98;07/04/2021;22/05/2021;Alves ;Juliana;58.222;07/01/2021;10/08/2022;549;KPKS;;Multa;current AIIM;22/04/2021;IPI;27/04/2021;R$54.935,98;Juridico Analisando;;27/05/2021;Carlos assessoria jur.;Aguardando documentação
JK;83.994.589;PB;João Pessoa;83.994.589/9258-49;86.868.258-2;86.868.28008-2;5.985.892.922;222;IR CS;Federal;R$ 64.935,98;R$ 84.935,98;27/04/2022;11/06/2022;Serafin;Camila;N/A;27/01/2022;30/08/2023;1222;AMS;;Multa;Intimação Fiscal;12/05/2022;IR CS;17/05/2022;R$54.935,98;Aguardando resposta do Fiscal;;16/06/2022;RBR Juridica;Pedido de revisão
JK;83.994.589;CE;Fortaleza;83.994.589/9259-29;96.392334-2;96.392334-2;2.922.942.595;22.242;ICMS;Estadual;R$ 65.888,28;R$ 85.888,28;16/05/2022;30/06/2022;Gilmar ;Claudio;2.288.482;15/02/2022;12/03/2023;192;KPSN;;ICMS-ST - Falta de recolhimento;Intimação Fiscal;31/05/2022;ICMS;05/06/2022;R$55.888,28;Perda Provável 100%;;05/07/2022;BD Juridco;Aguardando recurso
AS;93.299.765;BA;Salvador;93.299.765/9329-78;69.254.684;6.928.004.684;63.969.996.838;63.663;ISS;Municipal;R$ 65.888,28;R$ 85.888,28;14/03/2022;28/04/2022;Maria  ;Claudio;N/A;14/12/2021;17/07/2023;4994;AMK;;NOTA FISCAL NÃO ESCRITURADA;Intimação Fiscal;29/03/2022;ISS;03/04/2022;R$55.888,28;Juridico Analisando;;03/05/2022;ABS Advocacia;Aguardando cálculos do Fiscal
AB;99.963.969;BA;Salvador;99.963.969/9986-87;49.728.448;492.028.448;97.422.699.999.999;74.226;IPTU;Municipal;R$ 65.888,28;R$ 85.888,28;25/03/2021;09/05/2021;Gilmar ;Douglas ;N/A;25/12/2020;28/07/2022;7458;KPKS;;FALTA DE RECOLHIMENTO;Intimação Fiscal;09/04/2021;IPTU;14/04/2021;R$55.888,28;Perda Parcial aprox 30%;;14/05/2021;BD Juridco;Sob análise do escritório
XP;97.422.629;BA;Salvador;97.422.629/9964-34;4.998.846;4.998.846;97.422.699.999.999;74.226;IPI;Federal;R$ 65.888,28;R$ 85.888,28;07/04/2021;22/05/2021;Gilmar ;Marcela;588.422;07/01/2021;10/08/2022;529;KPKS;;Multa;current AIIM;22/04/2021;IPI;27/04/2021;R$55.888,28;Perda Provável 100%;;27/05/2021;RBR Juridica;Sob análise do escritório
AS;93.299.765;PB;João Pessoa;93.299.765/9338-29;86.964.958-2;86.964.98008-2;5.985.792.922;7.222;IR CS;Federal;R$ 65.888,28;R$ 85.888,28;27/04/2022;11/06/2022;Marcos  ;Sergio;N/A;27/01/2022;30/08/2023;29;KPSN;;Multa;Intimação Fiscal;12/05/2022;IR CS;17/05/2022;R$55.888,28;Fiscal e Juridico Analisando;;16/06/2022;Matos Juridico ;Defesa em análise
AB;99.963.969;PB;João Pessoa;99.963.969/9982-53;86.259.829-9;86.28009.829-9;40.404;19.190;ISS;Municipal;R$ 66.246,74;R$ 86.246,74;16/03/2020;30/04/2020;Maria  ;Claudio;N/A;17/12/2019;10/01/2021;4223;AMK;;NOTA FISCAL NÃO ESCRITURADA;Intimação Fiscal;31/03/2020;ISS;05/04/2020;R$56.246,74;Perda Parcial aprox 70%;;05/05/2020;W Carlos Juridico;Pedido de revisão
AB;99.963.969;BA;Salvador;99.963.969/9968-38;88.595.894;888.009.800.894;97.422.699.999.999;74.226;ISS;Municipal;R$ 66.246,74;R$ 86.246,74;14/03/2022;28/04/2022;Carlos  ;Fernana;N/A;14/12/2021;17/07/2023;1934;KPKS;;NOTA FISCAL NÃO ESCRITURADA;Intimação Fiscal;29/03/2022;ISS;03/04/2022;R$56.246,74;Perda Provável 100%;;03/05/2022;Douglas escritório Juridico;Análise em conjunto com Fiscal
XP;97.422.629;BA;Salvador;97.422.629/9998-59;866.374.942;8.663.204.942;45.454;32;IPTU;Municipal;R$ 66.246,74;R$ 86.246,74;24/03/2021;08/05/2021;Edvaldo  ;Claudio;N/A;24/12/2020;27/07/2022;4922;AMS;;FALTA DE RECOLHIMENTO;current AIIM;08/04/2021;IPTU;13/04/2021;R$56.246,74;Perda Parcial aprox 50%;;13/05/2021;W Carlos Juridico;Aguardando recurso
AS;93.299.765;SP;Sao Paulo;93.299.765/9938-32;635.693.999.999;63.800.693.999.999;86.536;636;IR CS;Federal;R$ 66.246,74;R$ 86.246,74;05/04/2021;20/05/2021;Maria  ;Douglas ;N/A;05/01/2021;08/08/2022;B929;AMS;;FALTA DE RECOLHIMENTO;Intimação Fiscal;20/04/2021;IR CS;25/04/2021;R$56.246,74;Aguardando resposta do Fiscal;;25/05/2021;Matos Juridico ;Aguardando recurso
JK;83.994.589;BA;Salvador;83.994.589/9926-37;68.999.489;68.999.489;63.969.994.864;636.464;IR CS;Federal;R$ 66.246,74;R$ 86.246,74;25/04/2022;09/06/2022;Alves ;Juliana;585.522;25/01/2022;28/08/2023;4936;AMK;;Multa;Intimação Fiscal;10/05/2022;IR CS;15/05/2022;R$56.246,74;Juridico Analisando;;14/06/2022;BD Juridco;Análise em conjunto com Fiscal
AS;93.299.765;SP;Sao Paulo;93.299.765/9384-29;635.598.999.999;6.380.080.098.999.990;63.969.982.539;63.623;PIS E COFINS;Federal;R$ 67.000,00;R$ 87.000,00;20/01/2020;06/03/2020;Serafin;Marcela;N/A;22/10/2019;20/01/2020;4951;AMK;;CREDITO PIS E COFINS;Intimação Fiscal;04/02/2020;PIS E COFINS;09/02/2020;R$57.000,00;Aguardando resposta do Fiscal;;10/03/2020;W Carlos Juridico;Aguardando cálculos do Fiscal
AB;99.963.969;CE;Fortaleza;99.963.969/9947-83;96.379489-6;96.3209489-6;292.288.836;22.236;ISS;Municipal;R$ 67.000,00;R$ 87.000,00;15/02/2020;01/04/2020;Serafin;Douglas ;2.228.664;17/11/2019;15/02/2020;B254;AMS;;NOTA FISCAL NÃO ESCRITURADA;Intimação Fiscal;01/03/2020;ISS;06/03/2020;R$57.000,00;Juridico Analisando;;05/04/2020;Carlos assessoria jur.;Sob análise do escritório
AB;99.963.969;SP;Sao Paulo;99.963.969/9987-79;286.289.999.999;286.289.999.999;68.682.922;66.222;ISS;Municipal;R$ 67.000,00;R$ 87.000,00;23/02/2020;09/04/2020;Gilmar ;Juliana;82.882.227;25/11/2019;23/02/2020;1125;AMK;;NOTA FISCAL NÃO ESCRITURADA;Intimação Fiscal;09/03/2020;ISS;14/03/2020;R$57.000,00;Fiscal e Juridico Analisando;;13/04/2020;Douglas escritório Juridico;Aguardando documentação
JK;83.994.589;MA;São Luis;83.994.589/9399-89;822.928.686;822.928.686;542.849.999.999;424;ISS;Municipal;R$ 67.000,00;R$ 87.000,00;28/02/2020;14/04/2020;Marcos  ;Marcela;N/A;30/11/2019;28/02/2020;B134;KPSN;;NOTA FISCAL NÃO ESCRITURADA;Intimação Fiscal;14/03/2020;ISS;19/03/2020;R$57.000,00;Fiscal Analisando;;18/04/2020;ABS Advocacia;Levantamento de documentos
JK;83.994.589;CE;Fortaleza;83.994.589/9259-29;96.392334-2;96.392334-2;292.298.249;22.224;ISS;Municipal;R$ 67.000,00;R$ 87.000,00;10/03/2022;24/04/2022;Marcos  ;Claudio;2.288.482;10/12/2021;13/07/2023;192;KPSN;;NOTA FISCAL NÃO ESCRITURADA;Intimação Fiscal;25/03/2022;ISS;30/03/2022;R$57.000,00;Perda Parcial aprox 50%;;29/04/2022;LL Assessoria Juridca;Aguardando cálculos do Fiscal
JK;83.994.589;CE;Fortaleza;83.994.589/9259-29;96.392334-2;96.392334-2;292.298.248;22.224;ISS;Municipal;R$ 67.000,00;R$ 87.000,00;10/03/2022;24/04/2022;Serafin;Claudio;2.288.482;10/12/2021;13/07/2023;192;KPSN;;NOTA FISCAL NÃO ESCRITURADA;Intimação Fiscal;25/03/2022;ISS;30/03/2022;R$57.000,00;Fiscal Analisando;;29/04/2022;ABC assessoria juridca;Defesa em análise
JK;83.994.589;CE;Fortaleza;83.994.589/9259-29;96.392334-2;96.392334-2;292.298.242;222.242;ISS;Municipal;R$ 67.000,00;R$ 87.000,00;10/03/2022;24/04/2022;Maria  ;Claudio;2.288.482;10/12/2021;13/07/2023;192;KPSN;;NOTA FISCAL NÃO ESCRITURADA;Intimação Fiscal;25/03/2022;ISS;30/03/2022;R$57.000,00;Perda Provável 90%;;29/04/2022;W Carlos Juridico;Pedido de revisão
AS;93.299.765;CE;Fortaleza;93.299.765/9472-68;96.392334-2;96.392334-2;292.298.245;22.224;ISS;Municipal;R$ 67.000,00;R$ 87.000,00;10/03/2022;24/04/2022;Edvaldo  ;Douglas ;2.288.482;10/12/2021;13/07/2023;192;KPSN;;NOTA FISCAL NÃO ESCRITURADA;Intimação Fiscal;25/03/2022;ISS;30/03/2022;R$57.000,00;Perda Remota 10%;;29/04/2022;BD Juridco;Aguardando recurso
AB;99.963.969;BA;Salvador;99.963.969/9547-95;827.926.796;82.209.262.096;63.969.958.862;63.662;IPTU;Municipal;R$ 67.000,00;R$ 87.000,00;24/03/2021;08/05/2021;Alves ;Fernana;N/A;24/12/2020;27/07/2022;4161;AMK;;FALTA DE RECOLHIMENTO;current AIIM;08/04/2021;IPTU;13/04/2021;R$57.000,00;Fiscal e Juridico Analisando;;13/05/2021;ABS Advocacia;Levantamento de documentos
AB;99.963.969;BA;Salvador;99.963.969/9554-26;827.248.733;82.202.482.033;63.969.954.795;63.647;IPTU;Municipal;R$ 67.000,00;R$ 87.000,00;24/03/2021;08/05/2021;Marcos  ;Claudio;N/A;24/12/2020;27/07/2022;4162;AMK;;FALTA DE RECOLHIMENTO;current AIIM;08/04/2021;IPTU;13/04/2021;R$57.000,00;Fiscal Analisando;;13/05/2021;JK advocacia;Análise em conjunto com Fiscal
AB;99.963.969;BA;Salvador;99.963.969/9556-98;828.593.982;82.880.093.982;63.969.955.426;636.426;IPTU;Municipal;R$ 67.000,00;R$ 87.000,00;24/03/2021;08/05/2021;Serafin;Claudio;N/A;24/12/2020;27/07/2022;4169;AMK;;FALTA DE RECOLHIMENTO;current AIIM;08/04/2021;IPTU;13/04/2021;R$57.000,00;Perda Provável 90%;;13/05/2021;LL Assessoria Juridca;Defesa em análise
AB;99.963.969;BA;Salvador;99.963.969/9524-99;839.454.785;83.948.004.208.800;63.969.955.698;6.366;IPTU;Municipal;R$ 67.000,00;R$ 87.000,00;24/03/2021;08/05/2021;Maria  ;Claudio;N/A;24/12/2020;27/07/2022;4189;AMK;;FALTA DE RECOLHIMENTO;current AIIM;08/04/2021;IPTU;13/04/2021;R$57.000,00;Perda Remota 10%;;13/05/2021;ABC assessoria juridca;Pedido de revisão
AB;99.963.969;SP;Sao Paulo;99.963.969/9825-39;635.399.999.999;63.800.399.999.999;63.969.998.998;636;IR CS;Federal;R$ 67.000,00;R$ 87.000,00;05/04/2021;20/05/2021;Gilmar ;Claudio;N/A;05/01/2021;08/08/2022;3799;AMK;;FALTA DE RECOLHIMENTO;Intimação Fiscal;20/04/2021;IR CS;25/04/2021;R$57.000,00;Juridico Analisando;;25/05/2021;LL Assessoria Juridca;Análise em conjunto com Fiscal
AB;99.963.969;SP;Sao Paulo;99.963.969/9994-43;635.598.999.999;6.380.080.098.999.990;63.969.982.539;63.623;IR CS;Federal;R$ 67.000,00;R$ 87.000,00;05/04/2021;20/05/2021;Alves ;Claudio;N/A;05/01/2021;08/08/2022;4951;AMK;;FALTA DE RECOLHIMENTO;Intimação Fiscal;20/04/2021;IR CS;25/04/2021;R$57.000,00;Fiscal e Juridico Analisando;;25/05/2021;ABC assessoria juridca;Aguardando cálculos do Fiscal
AS;93.299.765;SP;Sao Paulo;93.299.765/9399-62;626.395.999.999;62.639.800.999.999;86.526;626;IR CS;Federal;R$ 67.000,00;R$ 87.000,00;05/04/2021;20/05/2021;Marcos  ;Claudio;N/A;05/01/2021;08/08/2022;6532;AMK;;FALTA DE RECOLHIMENTO;Intimação Fiscal;20/04/2021;IR CS;25/04/2021;R$57.000,00;Aguardando resposta do Fiscal;;25/05/2021;W Carlos Juridico;Defesa em análise
AS;93.299.765;SP;Sao Paulo;93.299.765/9368-82;286.288.999.999;286.288.999.999;86.594;64;IR CS;Federal;R$ 67.000,00;R$ 87.000,00;05/04/2021;20/05/2021;Serafin;Claudio;N/A;05/01/2021;08/08/2022;1992;AMS;;FALTA DE RECOLHIMENTO;Intimação Fiscal;20/04/2021;IR CS;25/04/2021;R$57.000,00;Fiscal e Juridico Analisando;;25/05/2021;BD Juridco;Pedido de revisão
AB;99.963.969;RJ;Rio de Janeiro;99.963.969/9867-99;78.488.385;20.848.838.800;78.488.385;743;IR CS;Federal;R$ 67.000,00;R$ 87.000,00;21/04/2021;05/06/2021;Serafin;Marcela;N/A;21/01/2021;24/08/2022;1939;AMK;;Multa;Intimação Fiscal;06/05/2021;IR CS;11/05/2021;R$57.000,00;Juridico Analisando;;10/06/2021;Carlos assessoria jur.;Levantamento de documentos
JK;83.994.589;RJ;Rio de Janeiro;83.994.589/9252-54;79.998.729;2.099.982.029;79.998.729;772;IR CS;Federal;R$ 67.000,00;R$ 87.000,00;21/04/2021;05/06/2021;Maria  ;Juliana;N/A;21/01/2021;24/08/2022;4274;AMK;;Multa;Intimação Fiscal;06/05/2021;IR CS;11/05/2021;R$57.000,00;Fiscal e Juridico Analisando;;10/06/2021;Douglas escritório Juridico;Análise em conjunto com Fiscal
XP;97.422.629;BA;Salvador;97.422.629/9849-29;24.523.824;2.480.023.824;24.523.824;242.324;IR CS;Federal;R$ 67.000,00;R$ 87.000,00;25/04/2021;09/06/2021;Edvaldo  ;Emerson;N/A;25/01/2021;28/08/2022;586;KPKS;;Multa;Intimação Fiscal;10/05/2021;IR CS;15/05/2021;R$57.000,00;Perda Parcial aprox 70%;;14/06/2021;ABC assessoria juridca;Aguardando documentação
AB;99.963.969;BA;Salvador;99.963.969/9948-64;4.829.752;4.829.208.002;4.829.752;4.272;IR CS;Federal;R$ 67.000,00;R$ 87.000,00;25/04/2022;09/06/2022;Gilmar ;Marcela;N/A;25/01/2022;28/08/2023;1544;KPKS;;Multa;Intimação Fiscal;10/05/2022;IR CS;15/05/2022;R$57.000,00;Perda Provável 100%;;14/06/2022;W Carlos Juridico;Levantamento de documentos
AB;99.963.969;MA;São Luis;99.963.969/9437-62;828.658.886;82.868.008.886;982.263.999.424;2.263.424;PIS E COFINS;Federal;R$ 67.592,39;R$ 87.592,39;21/04/2020;05/06/2020;Edvaldo  ;Sergio;N/A;22/01/2020;21/04/2020;149;KPSN;;CREDITO PIS E COFINS;current AIIM;06/05/2020;PIS E COFINS;11/05/2020;R$57.592,39;Perda Parcial aprox 70%;;10/06/2020;ABS Advocacia;Sob análise do escritório
JK;83.994.589;CE;Fortaleza;83.994.589/9259-29;96.392334-2;96.392334-2;292.298.236;222.236;ISS;Municipal;R$ 67.592,39;R$ 87.592,39;10/03/2022;24/04/2022;Alves ;Claudio;2.288.482;10/12/2021;13/07/2023;192;KPSN;;NOTA FISCAL NÃO ESCRITURADA;Intimação Fiscal;25/03/2022;ISS;30/03/2022;R$57.592,39;Perda Remota 10%;;29/04/2022;JK advocacia;Análise em conjunto com Fiscal
AB;99.963.969;BA;Salvador;99.963.969/9588-62;827.927.695;8.220.922.069.800;63.969.952.249;636.224;IPTU;Municipal;R$ 67.592,39;R$ 87.592,39;24/03/2021;08/05/2021;Gilmar ;Camila;N/A;24/12/2020;27/07/2022;4158;AMK;;FALTA DE RECOLHIMENTO;current AIIM;08/04/2021;IPTU;13/04/2021;R$57.592,39;Juridico Analisando;;13/05/2021;Douglas escritório Juridico;Aguardando documentação
JK;83.994.589;BA;Salvador;83.994.589/9995-92;866.374.942;8.663.204.942;866.374.942;6.637.442;IOF;Federal;R$ 67.592,39;R$ 87.592,39;01/04/2021;16/05/2021;Alves ;Marcus;N/A;01/01/2021;04/08/2022;4922;AMS;;FALTA DE RECOLHIMENTO;current AIIM;16/04/2021;IOF;21/04/2021;R$57.592,39;Perda Remota 10%;;21/05/2021;ABS Advocacia;Aguardando documentação
AS;93.299.765;PB;João Pessoa;93.299.765/9996-28;86.868.258-2;86.868.28008-2;85.522;22;IR CS;Federal;R$ 67.592,39;R$ 87.592,39;20/04/2021;04/06/2021;Alves ;Douglas ;N/A;20/01/2021;23/08/2022;1222;AMS;;Multa;Intimação Fiscal;05/05/2021;IR CS;10/05/2021;R$57.592,39;Perda Parcial aprox 70%;;09/06/2021;Matos Juridico ;Sob análise do escritório
AB;99.963.969;SP;Sao Paulo;99.963.969/9825-39;635.399.999.999;63.800.399.999.999;639.699.999.999;636;PIS E COFINS;Federal;R$ 68.000,00;R$ 88.000,00;20/01/2020;06/03/2020;Marcos  ;Emerson;N/A;22/10/2019;20/01/2020;3799;AMK;;CREDITO PIS E COFINS;Intimação Fiscal;04/02/2020;PIS E COFINS;09/02/2020;R$58.000,00;Juridico Analisando;;10/03/2020;ABC assessoria juridca;Aguardando documentação
JK;83.994.589;GO;Goiás;83.994.589/9492-89;897.859.532;89.208.800.980.032;78.853.982.922;73.222;PIS E COFINS;Federal;R$ 68.000,00;R$ 88.000,00;07/02/2020;24/03/2020;Alves ;Juliana;85.888;09/11/2019;07/02/2020;B521;AMS;;CREDITO PIS E COFINS;Intimação Fiscal;22/02/2020;PIS E COFINS;27/02/2020;R$58.000,00;Perda Provável 90%;;28/03/2020;Matos Juridico ;Aguardando cálculos do Fiscal
AS;93.299.765;BA;Salvador;93.299.765/9334-73;834.883.859;83.488.388.009;222.989.999.999;222;ISS;Municipal;R$ 68.000,00;R$ 88.000,00;15/02/2020;01/04/2020;Marcos  ;Claudio;N/A;17/11/2019;15/02/2020;7242;KPKS;;NOTA FISCAL NÃO ESCRITURADA;Intimação Fiscal;01/03/2020;ISS;06/03/2020;R$58.000,00;Perda Remota 10%;;05/04/2020;RBR Juridica;Defesa em análise
AB;99.963.969;SP;Sao Paulo;99.963.969/9987-79;255.239.999.999;2.800.800.239.999.990;67.822.922;672.222;ISS;Municipal;R$ 68.000,00;R$ 88.000,00;22/02/2020;08/04/2020;Edvaldo  ;Marcela;N/A;24/11/2019;22/02/2020;1246;AMK;;NOTA FISCAL NÃO ESCRITURADA;Intimação Fiscal;08/03/2020;ISS;13/03/2020;R$58.000,00;Perda Parcial aprox 50%;;12/04/2020;Carlos assessoria jur.;Pedido de revisão
JK;83.994.589;SP;Sao Paulo;83.994.589/9889-32;248.832.999.999;248.832.999.999;83.932.858.226.292.200;332.226.222;ISS;Municipal;R$ 68.000,00;R$ 88.000,00;25/02/2022;11/04/2022;Edvaldo  ;Claudio;N/A;27/11/2021;30/06/2023;4912;AMK;;NOTA FISCAL NÃO ESCRITURADA;current AIIM;12/03/2022;ISS;17/03/2022;R$58.000,00;Aguardando resposta do Fiscal;;16/04/2022;RBR Juridica;Defesa em análise
JK;83.994.589;MA;São Luis;83.994.589/9884-66;822.928.678;8.229.286.208;542.849.999.999;424;ISS;Municipal;R$ 68.000,00;R$ 88.000,00;28/02/2022;14/04/2022;Gilmar ;Douglas ;N/A;30/11/2021;03/07/2023;B979;KPSN;;NOTA FISCAL NÃO ESCRITURADA;current AIIM;15/03/2022;ISS;20/03/2022;R$58.000,00;Perda Provável 100%;;19/04/2022;Carlos assessoria jur.;Pedido de revisão
JK;83.994.589;CE;Fortaleza;83.994.589/9259-29;96.392334-2;96.392334-2;292.298.233;222.233;ISS;Municipal;R$ 68.000,00;R$ 88.000,00;10/03/2022;24/04/2022;Edvaldo  ;Camila;2.288.482;10/12/2021;13/07/2023;192;KPSN;;NOTA FISCAL NÃO ESCRITURADA;Intimação Fiscal;25/03/2022;ISS;30/03/2022;R$58.000,00;Fiscal Analisando;;29/04/2022;Douglas escritório Juridico;Aguardando documentação
JK;83.994.589;CE;Fortaleza;83.994.589/9259-29;96.392334-2;96.392334-2;292.298.234;222.234;ISS;Municipal;R$ 68.000,00;R$ 88.000,00;10/03/2022;24/04/2022;Gilmar ;Fernana;2.288.482;10/12/2021;13/07/2023;192;KPSN;;NOTA FISCAL NÃO ESCRITURADA;Intimação Fiscal;25/03/2022;ISS;30/03/2022;R$58.000,00;Perda Provável 90%;;29/04/2022;ABS Advocacia;Levantamento de documentos
XP;97.422.629;BA;Salvador;97.422.629/9989-54;883.997.988;8.839.920.988;97.422.699.999.999;74.226;IPTU;Municipal;R$ 68.000,00;R$ 88.000,00;24/03/2022;08/05/2022;João;Emerson;N/A;24/12/2021;27/07/2023;7463;KPKS;;FALTA DE RECOLHIMENTO;current AIIM;08/04/2022;IPTU;13/04/2022;R$58.000,00;Perda Remota 10%;;13/05/2022;BD Juridco;Defesa em análise
XP;97.422.629;BA;Salvador;97.422.629/9937-68;74.442.282;204.442.282;97.422.699.999.999;74.226;IPTU;Municipal;R$ 68.000,00;R$ 88.000,00;24/03/2022;08/05/2022;Carlos  ;Marcela;N/A;24/12/2021;27/07/2023;1937;KPKS;;FALTA DE RECOLHIMENTO;current AIIM;08/04/2022;IPTU;13/04/2022;R$58.000,00;Perda Parcial aprox 50%;;13/05/2022;Matos Juridico ;Pedido de revisão
XP;97.422.629;BA;Salvador;97.422.629/9885-89;23.668.787;2.366.820.820;97.422.699.999.999;74.226;IPTU;Municipal;R$ 68.000,00;R$ 88.000,00;24/03/2022;08/05/2022;Maria  ;Juliana;N/A;24/12/2021;27/07/2023;565;KPKS;;FALTA DE RECOLHIMENTO;current AIIM;08/04/2022;IPTU;13/04/2022;R$58.000,00;Perda Parcial aprox 70%;;13/05/2022;RBR Juridica;Aguardando recurso
AB;99.963.969;BA;Salvador;99.963.969/9522-49;87.848.826;820.848.826;97.422.699.999.999;74.226;IPTU;Municipal;R$ 68.000,00;R$ 88.000,00;24/03/2022;08/05/2022;Edvaldo  ;Sergio;N/A;24/12/2021;27/07/2023;1369;KPKS;;FALTA DE RECOLHIMENTO;current AIIM;08/04/2022;IPTU;13/04/2022;R$58.000,00;Perda Provável 100%;;13/05/2022;Carlos assessoria jur.;Sob análise do escritório
XP;97.422.629;BA;Salvador;97.422.629/9989-54;88.229.928;88.229.928;93.299.899.999.999;32;IOF;Federal;R$ 68.000,00;R$ 88.000,00;31/03/2021;15/05/2021;Carlos  ;Claudio;N/A;31/12/2020;03/08/2022;1359;AMS;;FALTA DE RECOLHIMENTO;current AIIM;15/04/2021;IOF;20/04/2021;R$58.000,00;Perda Remota 10%;;20/05/2021;Carlos assessoria jur.;Defesa em análise
XP;97.422.629;BA;Salvador;97.422.629/9937-68;74.442.282;204.442.282;74.442.282;7.444.222;IOF;Federal;R$ 68.000,00;R$ 88.000,00;01/04/2021;16/05/2021;Maria  ;Marcus;N/A;01/01/2021;04/08/2022;1937;KPKS;;FALTA DE RECOLHIMENTO;current AIIM;16/04/2021;IOF;21/04/2021;R$58.000,00;Perda Parcial aprox 50%;;21/05/2021;Douglas escritório Juridico;Pedido de revisão
XP;97.422.629;BA;Salvador;97.422.629/9885-89;23.668.787;2.366.820.820;23.668.787;236.677;IOF;Federal;R$ 68.000,00;R$ 88.000,00;01/04/2021;16/05/2021;Edvaldo  ;Marcus;N/A;01/01/2021;04/08/2022;565;KPKS;;FALTA DE RECOLHIMENTO;current AIIM;16/04/2021;IOF;21/04/2021;R$58.000,00;Fiscal Analisando;;21/05/2021;Douglas escritório Juridico;Aguardando recurso
AS;93.299.765;BA;Salvador;93.299.765/9599-59;87.848.826;820.848.826;87.848.826;7.426;IOF;Federal;R$ 68.000,00;R$ 88.000,00;01/04/2021;16/05/2021;Gilmar ;Marcus;N/A;01/01/2021;04/08/2022;1369;KPKS;;FALTA DE RECOLHIMENTO;current AIIM;16/04/2021;IOF;21/04/2021;R$58.000,00;Perda Provável 90%;;21/05/2021;Douglas escritório Juridico;Sob análise do escritório
AB;99.963.969;CE;Fortaleza;99.963.969/9883-95;96.488899-8;96.488899-8;292.298.988;222;IR CS;Federal;R$ 68.000,00;R$ 88.000,00;13/04/2021;28/05/2021;Edvaldo  ;Claudio;2.288.483;13/01/2021;16/08/2022;1269;KPSN;;Multa;Intimação Fiscal;28/04/2021;IR CS;03/05/2021;R$58.000,00;Perda Parcial aprox 70%;;02/06/2021;Carlos assessoria jur.;Defesa em análise
AS;93.299.765;CE;Fortaleza;93.299.765/9436-96;96.376499-7;96.3206499-20;292.232.478;2.223.247;IR CS;Federal;R$ 68.000,00;R$ 88.000,00;13/04/2021;28/05/2021;Gilmar ;Claudio;2.228.244;13/01/2021;16/08/2022;4944;AMK;;Multa;Intimação Fiscal;28/04/2021;IR CS;03/05/2021;R$58.000,00;Perda Provável 100%;;02/06/2021;Douglas escritório Juridico;Pedido de revisão
AB;99.963.969;CE;Fortaleza;99.963.969/9956-74;96.573295-2;96.80020329800-2;292.232.846;2.223.246;IR CS;Federal;R$ 68.000,00;R$ 88.000,00;13/04/2021;28/05/2021;Alves ;Douglas ;222.864;13/01/2021;16/08/2022;1433;AMS;;Multa;Intimação Fiscal;28/04/2021;IR CS;03/05/2021;R$58.000,00;Juridico Analisando;;02/06/2021;Douglas escritório Juridico;Aguardando recurso
AB;99.963.969;SP;Sao Paulo;99.963.969/9986-87;669.647.999.999;6.696.420.999.999;87.878;77;IR CS;Federal;R$ 68.000,00;R$ 88.000,00;14/04/2021;29/05/2021;Marcos  ;Emerson;N/A;14/01/2021;17/08/2022;4491;AMK;;Multa;Intimação Fiscal;29/04/2021;IR CS;04/05/2021;R$58.000,00;Fiscal e Juridico Analisando;;03/06/2021;Douglas escritório Juridico;Sob análise do escritório
JK;83.994.589;AL;Maceió;83.994.589/9995-69;242.786.896;2.422.086.896;7.987.392.993;77.323;PIS E COFINS;Federal;R$ 68.847,37;R$ 88.847,37;19/01/2020;05/03/2020;Gilmar ;Claudio;78.732;21/10/2019;19/01/2020;4516;AMK;;CREDITO PIS E COFINS;Intimação Fiscal;03/02/2020;PIS E COFINS;08/02/2020;R$58.847,37;Perda Parcial aprox 50%;;09/03/2020;Douglas escritório Juridico;Defesa em análise
AB;99.963.969;PI;Teresina;99.963.969/9563-87;894.756.229;894.208.006.229;225.842.999.999.999;2.242;ISS;Municipal;R$ 68.847,37;R$ 88.847,37;25/02/2022;11/04/2022;Maria  ;Claudio;225.843;27/11/2021;30/06/2023;B314;KPSN;;NOTA FISCAL NÃO ESCRITURADA;current AIIM;12/03/2022;ISS;17/03/2022;R$58.847,37;Fiscal e Juridico Analisando;;16/04/2022;Matos Juridico ;Aguardando cálculos do Fiscal
XP;97.422.629;BA;Salvador;97.422.629/9847-94;827.849.739;82.208.492.039;63.969.954.888;6.364;IPTU;Municipal;R$ 68.847,37;R$ 88.847,37;24/03/2022;08/05/2022;Serafin;Douglas ;N/A;24/12/2021;27/07/2023;4164;AMK;;FALTA DE RECOLHIMENTO;current AIIM;08/04/2022;IPTU;13/04/2022;R$58.847,37;Perda Provável 90%;;13/05/2022;W Carlos Juridico;Aguardando cálculos do Fiscal
AS;93.299.765;BA;Salvador;93.299.765/9498-78;49.483.853;4.948.388.003;63.973.399.999.999;63.733;IOF;Federal;R$ 68.847,37;R$ 88.847,37;31/03/2021;15/05/2021;João;Claudio;N/A;31/12/2020;03/08/2022;887;TPKP;;FALTA DE RECOLHIMENTO;current AIIM;15/04/2021;IOF;20/04/2021;R$58.847,37;Perda Provável 90%;;20/05/2021;RBR Juridica;Aguardando cálculos do Fiscal
JK;83.994.589;CE;Fortaleza;83.994.589/9358-92;96.488899-8;96.488899-8;292.298.989;222;IR CS;Federal;R$ 68.847,37;R$ 88.847,37;13/04/2021;28/05/2021;Maria  ;Claudio;2.288.483;13/01/2021;16/08/2022;1269;KPSN;;Multa;Intimação Fiscal;28/04/2021;IR CS;03/05/2021;R$58.847,37;Perda Parcial aprox 30%;;02/06/2021;RBR Juridica;Aguardando cálculos do Fiscal
JK;83.994.589;CE;Fortaleza;83.994.589/9259-29;96.392334-2;96.392334-2;2.922.942.682;2.224.262;ICMS;Estadual;R$ 68.859,47;R$ 88.859,47;16/05/2020;30/06/2020;Marcos  ;Claudio;2.288.482;16/02/2020;16/05/2020;192;KPSN;;ICMS-ST - Falta de recolhimento;Intimação Fiscal;31/05/2020;ICMS;05/06/2020;R$58.859,47;Perda Remota 10%;;05/07/2020;Douglas escritório Juridico;Aguardando cálculos do Fiscal
JK;83.994.589;SP;Sao Paulo;83.994.589/9352-87;635.598.999.999;6.380.080.098.999.990;69.992.922;6.222;ISS;Municipal;R$ 68.859,47;R$ 88.859,47;23/02/2022;09/04/2022;Carlos  ;Claudio;828.758.224;25/11/2021;20/12/2022;4951;AMK;;NOTA FISCAL NÃO ESCRITURADA;current AIIM;10/03/2022;ISS;15/03/2022;R$58.859,47;Aguardando resposta do Fiscal;;14/04/2022;BD Juridco;Análise em conjunto com Fiscal
AB;99.963.969;CE;Fortaleza;99.963.969/9969-99;96.488899-8;96.488899-8;292.298.558;222;IPTU;Municipal;R$ 68.859,47;R$ 88.859,47;22/03/2022;06/05/2022;Edvaldo  ;Sergio;2.288.483;22/12/2021;25/07/2023;1269;KPSN;;FALTA DE RECOLHIMENTO;Intimação Fiscal;06/04/2022;IPTU;11/04/2022;R$58.859,47;Perda Provável 100%;;11/05/2022;ABS Advocacia;Sob análise do escritório
TD;63.973.266;SP;Sao Paulo;63.973.266/9989-93;688.289.888.888;688.289.888.888;823.322.922;2.332.222;IOF;Federal;R$ 68.859,47;R$ 88.859,47;30/03/2021;14/05/2021;Serafin;Claudio;N/A;30/12/2020;02/08/2022;1567;AMK;;FALTA DE RECOLHIMENTO;current AIIM;14/04/2021;IOF;19/04/2021;R$58.859,47;Fiscal Analisando;;19/05/2021;Matos Juridico ;Análise em conjunto com Fiscal
JK;83.994.589;CE;Fortaleza;83.994.589/9358-92;96.488899-8;96.488899-8;292.298.999;222;IR CS;Federal;R$ 68.859,47;R$ 88.859,47;13/04/2021;28/05/2021;Serafin;Claudio;2.288.483;13/01/2021;16/08/2022;1269;KPSN;;Multa;Intimação Fiscal;28/04/2021;IR CS;03/05/2021;R$58.859,47;Perda Parcial aprox 50%;;02/06/2021;Matos Juridico ;Análise em conjunto com Fiscal
AB;99.963.969;AL;Maceió;99.963.969/9426-99;242.786.896;2.422.086.896;7.987.392.992;77.322;PIS E COFINS;Federal;R$ 70.000,00;R$ 90.000,00;19/01/2020;05/03/2020;Edvaldo  ;Fernana;78.732;21/10/2019;19/01/2020;4516;AMK;;FALTA DE RECOLHIMENTO;Intimação Fiscal;03/02/2020;PIS E COFINS;08/02/2020;R$60.000,00;Perda Provável 90%;;09/03/2020;Douglas escritório Juridico;Análise em conjunto com Fiscal
AS;93.299.765;SP;Sao Paulo;93.299.765/9387-72;379.887.999.999;32.098.820.999.999;65.782.922;67.222;ISS;Municipal;R$ 70.000,00;R$ 90.000,00;21/02/2022;07/04/2022;Serafin;Douglas ;N/A;23/11/2021;18/12/2022;7471;AMK;;NOTA FISCAL NÃO ESCRITURADA;current AIIM;08/03/2022;ISS;13/03/2022;R$60.000,00;Fiscal e Juridico Analisando;;12/04/2022;W Carlos Juridico;Levantamento de documentos
JK;83.994.589;CE;Fortaleza;83.994.589/9358-92;96.392334-2;96.392334-2;292.298.332;222.332;IPTU;Municipal;R$ 70.000,00;R$ 90.000,00;22/03/2022;06/05/2022;Maria  ;Juliana;2.288.482;22/12/2021;25/07/2023;192;KPSN;;FALTA DE RECOLHIMENTO;Intimação Fiscal;06/04/2022;IPTU;11/04/2022;R$60.000,00;Aguardando resposta do Fiscal;;11/05/2022;Douglas escritório Juridico;Aguardando recurso
AB;99.963.969;CE;Fortaleza;99.963.969/9432-58;96.376499-7;96.3206499-20;292.227.649;2.222.764;IOF;Federal;R$ 70.000,00;R$ 90.000,00;30/03/2021;14/05/2021;Marcos  ;Claudio;2.228.244;30/12/2020;02/08/2022;4944;AMK;;FALTA DE RECOLHIMENTO;Intimação Fiscal;14/04/2021;IOF;19/04/2021;R$60.000,00;Fiscal e Juridico Analisando;;19/05/2021;BD Juridco;Levantamento de documentos
JK;83.994.589;CE;Fortaleza;83.994.589/9358-92;96.392334-2;96.392334-2;292.298.935;2.223;IR CS;Federal;R$ 70.000,00;R$ 90.000,00;13/04/2021;28/05/2021;Marcos  ;Fernana;2.288.483;13/01/2021;16/08/2022;192;KPSN;;Multa;Intimação Fiscal;28/04/2021;IR CS;03/05/2021;R$60.000,00;Perda Remota 10%;;02/06/2021;BD Juridco;Levantamento de documentos
AB;99.963.969;SP;Sao Paulo;99.963.969/9893-25;298.845.999.999;29.884.800.999.999;54.222.922;422.222;ISS;Municipal;R$ 75.000,00;R$ 95.000,00;21/02/2020;07/04/2020;Maria  ;Emerson;N/A;23/11/2019;21/02/2020;B428 CD7428;AMS;;NOTA FISCAL NÃO ESCRITURADA;Intimação Fiscal;07/03/2020;ISS;12/03/2020;R$65.000,00;Fiscal e Juridico Analisando;;11/04/2020;Matos Juridico ;Sob análise do escritório
JK;83.994.589;MA;São Luis;83.994.589/9837-52;822.928.658;82.292.868.008;542.849.999.999;424;ISS;Municipal;R$ 75.000,00;R$ 95.000,00;28/02/2020;14/04/2020;Alves ;Emerson;N/A;30/11/2019;28/02/2020;B132;KPSN;;NOTA FISCAL NÃO ESCRITURADA;Intimação Fiscal;14/03/2020;ISS;19/03/2020;R$65.000,00;Aguardando resposta do Fiscal;;18/04/2020;RBR Juridica;Aguardando documentação
AS;93.299.765;MA;São Luis;93.299.765/9982-82;822.928.686;822.928.686;83.994.599.999.999;34;ISS;Municipal;R$ 75.000,00;R$ 95.000,00;04/03/2020;18/04/2020;Gilmar ;Fernana;N/A;05/12/2019;04/03/2020;134;KPSN;;NOTA FISCAL NÃO ESCRITURADA;Intimação Fiscal;19/03/2020;ISS;24/03/2020;R$65.000,00;Fiscal Analisando;;23/04/2020;Carlos assessoria jur.;Levantamento de documentos
AS;93.299.765;SP;Sao Paulo;93.299.765/9478-89;635.598.999.999;6.380.080.098.999.990;87.872.922;77.222;PIS E COFINS;Federal;R$ 75.000,00;R$ 95.000,00;21/01/2022;07/03/2022;Gilmar ;Claudio;N/A;23/10/2021;17/11/2022;4951;AMK;;CREDITO PIS E COFINS;Intimação Fiscal;05/02/2022;PIS E COFINS;10/02/2022;R$65.000,00;Perda Parcial aprox 30%;;12/03/2022;ABS Advocacia;Pedido de revisão
AB;99.963.969;DF;Brasilia;99.963.969/9223-38;97.466.985/997-39;920.466.98800/9920-39;746.698.599.739;746.673;ISS;Municipal;R$ 75.000,00;R$ 95.000,00;21/02/2022;07/04/2022;Alves ;Fernana;57.222;23/11/2021;18/12/2022;1133;AMK;;NOTA FISCAL NÃO ESCRITURADA;Intimação Fiscal;08/03/2022;ISS;13/03/2022;R$65.000,00;Perda Provável 100%;;12/04/2022;LL Assessoria Juridca;Sob análise do escritório
AB;99.963.969;DF;Brasilia;99.963.969/9949-45;97.466.985/998-88;920.466.98800/998-88;746.698.599.888;7.466;ISS;Municipal;R$ 75.000,00;R$ 95.000,00;21/02/2022;07/04/2022;Marcos  ;Claudio;57.222;23/11/2021;18/12/2022;4953;AMK;;NOTA FISCAL NÃO ESCRITURADA;Intimação Fiscal;08/03/2022;ISS;13/03/2022;R$65.000,00;Juridico Analisando;;12/04/2022;ABC assessoria juridca;Aguardando documentação
JK;83.994.589;SP;Sao Paulo;83.994.589/9492-89;398.984.999.999;398.984.999.999;89.388.729.892.298.700;372.227;IPTU;Municipal;R$ 75.000,00;R$ 95.000,00;18/03/2022;02/05/2022;Gilmar ;Claudio;N/A;18/12/2021;21/07/2023;6957;AMK;;FALTA DE RECOLHIMENTO;Intimação Fiscal;02/04/2022;IPTU;07/04/2022;R$65.000,00;Juridico Analisando;;07/05/2022;RBR Juridica;Levantamento de documentos
AB;99.963.969;GO;Goiás;99.963.969/9952-49;89.399.393-8;89.399.393-8;862.922;6.222;IPTU;Municipal;R$ 75.000,00;R$ 95.000,00;21/03/2022;05/05/2022;Marcos  ;Emerson;8.437;21/12/2021;24/07/2023;1998;AMK;;FALTA DE RECOLHIMENTO;Intimação Fiscal;05/04/2022;IPTU;10/04/2022;R$65.000,00;Aguardando resposta do Fiscal;;10/05/2022;Douglas escritório Juridico;Defesa em análise
JK;83.994.589;GO;Goiás;83.994.589/9259-29;89.394.992-8;89.394.992-8;872.922;7.222;IPTU;Municipal;R$ 75.000,00;R$ 95.000,00;21/03/2022;05/05/2022;Serafin;Marcela;8.437;21/12/2021;24/07/2023;4934;AMK;;FALTA DE RECOLHIMENTO;Intimação Fiscal;05/04/2022;IPTU;10/04/2022;R$65.000,00;Fiscal e Juridico Analisando;;10/05/2022;Douglas escritório Juridico;Pedido de revisão
JK;83.994.589;CE;Fortaleza;83.994.589/9259-29;96.392334-2;96.392334-2;292.298.699;2.226;IOF;Federal;R$ 75.000,00;R$ 95.000,00;30/03/2021;14/05/2021;Edvaldo  ;Camila;2.288.482;30/12/2020;02/08/2022;192;KPSN;;FALTA DE RECOLHIMENTO;Intimação Fiscal;14/04/2021;IOF;19/04/2021;R$65.000,00;Aguardando resposta do Fiscal;;19/05/2021;LL Assessoria Juridca;Aguardando recurso
JK;83.994.589;CE;Fortaleza;83.994.589/9259-29;96.392334-2;96.392334-2;292.298.799;2.227;IOF;Federal;R$ 75.000,00;R$ 95.000,00;30/03/2021;14/05/2021;Gilmar ;Fernana;2.288.482;30/12/2020;02/08/2022;192;KPSN;;FALTA DE RECOLHIMENTO;Intimação Fiscal;14/04/2021;IOF;19/04/2021;R$65.000,00;Perda Provável 100%;;19/05/2021;ABC assessoria juridca;Sob análise do escritório
AB;99.963.969;CE;Fortaleza;99.963.969/9883-95;96.392334-2;96.392334-2;292.298.798;2.227;IOF;Federal;R$ 75.000,00;R$ 95.000,00;30/03/2021;14/05/2021;Alves ;Claudio;2.288.482;30/12/2020;02/08/2022;192;KPSN;;FALTA DE RECOLHIMENTO;Intimação Fiscal;14/04/2021;IOF;19/04/2021;R$65.000,00;Juridico Analisando;;19/05/2021;W Carlos Juridico;Aguardando documentação
AB;99.963.969;SP;Sao Paulo;99.963.969/9949-97;669.647.999.999;6.696.420.999.999;87.826;726;IPI;Federal;R$ 75.000,00;R$ 95.000,00;09/04/2021;24/05/2021;Edvaldo  ;Claudio;N/A;09/01/2021;12/08/2022;4491;AMK;;Multa;current AIIM;24/04/2021;IPI;29/04/2021;R$65.000,00;Perda Remota 10%;;29/05/2021;ABS Advocacia;Defesa em análise
JK;83.994.589;SP;Sao Paulo;83.994.589/9495-63;645.468.999.999;64.800.468.999.999;86.937;637;IPI;Federal;R$ 75.000,00;R$ 95.000,00;09/04/2021;24/05/2021;Gilmar ;Claudio;N/A;09/01/2021;12/08/2022;4931;AMK;;Multa;current AIIM;24/04/2021;IPI;29/04/2021;R$65.000,00;Perda Parcial aprox 50%;;29/05/2021;JK advocacia;Pedido de revisão
JK;83.994.589;BA;Salvador;83.994.589/9259-29;827.248.733;82.202.482.033;63.969.954.795;63.647;IPI;Federal;R$ 75.000,00;R$ 95.000,00;13/04/2021;28/05/2021;Alves ;Camila;N/A;13/01/2021;16/08/2022;4162;AMK;;Multa;Intimação Fiscal;28/04/2021;IPI;03/05/2021;R$65.000,00;Perda Provável 90%;;02/06/2021;W Carlos Juridico;Aguardando documentação
JK;83.994.589;BA;Salvador;83.994.589/9998-89;866.374.942;8.663.204.942;2.698;26;PIS E COFINS;Federal;R$ 80.000,00;R$ 100.000,00;12/01/2024;26/02/2024;Alves ;Claudio;N/A;14/10/2023;12/01/2024;B526;AMS;;FALTA DE RECOLHIMENTO;current AIIM;27/01/2024;PIS E COFINS;01/02/2024;R$70.000,00;Perda Parcial aprox 50%;;02/03/2024;ABC assessoria juridca;Aguardando documentação
AB;99.963.969;SP;Sao Paulo;99.963.969/9825-39;286.878.999.999;2.868.208.999.999;87.832.922;73.222;PIS E COFINS;Federal;R$ 50.000,00;R$ 100.000,00;21/01/2024;07/03/2024;Edvaldo  ;Fernana;N/A;23/10/2023;21/01/2024;1435;AMK;;FALTA DE RECOLHIMENTO;Intimação Fiscal;05/02/2024;PIS E COFINS;10/02/2024;R$70.000,00;Perda Parcial aprox 70%;;11/03/2024;BD Juridco;Análise em conjunto com Fiscal
JK;83.994.589;GO;Goiás;83.994.589/9998-89;89.399.393-8;89.399.393-8;382.922.928.499.988;322.224;ISS;Municipal;R$ 60.000,00;R$ 100.000,00;15/02/2024;01/04/2024;Edvaldo  ;Sergio;8.583;17/11/2023;15/02/2024;1998;AMK;;NOTA FISCAL NÃO ESCRITURADA;Intimação Fiscal;01/03/2024;ISS;06/03/2024;R$70.000,00;Fiscal e Juridico Analisando;;05/04/2024;Carlos assessoria jur.;Pedido de revisão
AB;99.963.969;SP;Sao Paulo;99.963.969/9825-39;635.598.999.999;6.380.080.098.999.990;68.982.922;6.222;ISS;Municipal;R$ 60.000,00;R$ 100.000,00;23/02/2020;09/04/2020;João;Claudio;82.883.228;25/11/2019;23/02/2020;4951;AMK;;NOTA FISCAL NÃO ESCRITURADA;Intimação Fiscal;09/03/2020;ISS;14/03/2020;R$70.000,00;Aguardando resposta do Fiscal;;13/04/2020;Douglas escritório Juridico;Aguardando recurso
JK;83.994.589;PI;Teresina;83.994.589/9998-89;894.756.229;894.208.006.229;225.842.639.995.593;2.242.633;PIS E COFINS;Federal;R$ 63.928,85;R$ 103.928,85;28/03/2024;12/05/2024;Alves ;Emerson;2.252.744.854;29/12/2023;28/03/2024;1337;KPSN;;FALTA DE RECOLHIMENTO;Intimação Fiscal;12/04/2024;PIS E COFINS;17/04/2024;R$73.928,85;Perda Remota 10%;;17/05/2024;Carlos assessoria jur.;Aguardando cálculos do Fiscal
JK;83.994.589;CE;Fortaleza;83.994.589/9259-29;96.392334-2;96.392334-2;2.922.942.699;222.426;ICMS;Estadual;R$ 69.579,84;R$ 109.579,84;16/05/2024;30/06/2024;Alves ;Claudio;2.288.482;16/02/2024;16/05/2024;192;KPSN;;ICMS-ST - Falta de recolhimento;Intimação Fiscal;31/05/2024;ICMS;05/06/2024;R$79.579,84;Perda Provável 100%;;05/07/2024;ABC assessoria juridca;Aguardando recurso
AB;99.963.969;GO;Goiás;99.963.969/9947-83;89.399.393-8;89.399.393-8;822.922.928.899.899;22.222;ISS;Municipal;R$ 70.000,00;R$ 110.000,00;15/02/2024;01/04/2024;João;Emerson;8.583;17/11/2023;15/02/2024;1998;AMK;;Multa;Intimação Fiscal;01/03/2024;ISS;06/03/2024;R$80.000,00;Juridico Analisando;;05/04/2024;Carlos assessoria jur.;Levantamento de documentos
AB;99.963.969;SP;Sao Paulo;99.963.969/9242-92;286.289.999.999;286.289.999.999;68.692.922;66.222;ISS;Municipal;R$ 70.000,00;R$ 110.000,00;23/02/2024;09/04/2024;Alves ;Sergio;828.756.227;25/11/2023;23/02/2024;1125;AMK;;Multa;Intimação Fiscal;09/03/2024;ISS;14/03/2024;R$80.000,00;Fiscal e Juridico Analisando;;13/04/2024;Douglas escritório Juridico;Análise em conjunto com Fiscal
JK;83.994.589;MA;São Luis;83.994.589/9386-66;824.922.677;82.492.262.020;542.849.999.999;424;ISS;Municipal;R$ 70.000,00;R$ 110.000,00;28/02/2024;14/04/2024;Serafin;Juliana;N/A;30/11/2023;28/02/2024;B398;KPSN;;Multa;Intimação Fiscal;14/03/2024;ISS;19/03/2024;R$80.000,00;Aguardando resposta do Fiscal;;18/04/2024;ABS Advocacia;Aguardando cálculos do Fiscal
AB;99.963.969;SP;Sao Paulo;99.963.969/9825-39;296.229.999.999;296.229.999.999;79.532.922;73.222;ISS;Municipal;R$ 70.000,00;R$ 110.000,00;04/03/2024;18/04/2024;Serafin;Emerson;N/A;05/12/2023;04/03/2024;9282;AMK;;Multa;current AIIM;19/03/2024;ISS;24/03/2024;R$80.000,00;Fiscal e Juridico Analisando;;23/04/2024;JK advocacia;Defesa em análise
JK;83.994.589;PI;Teresina;83.994.589/9928-22;894.369.999;894.369.999;225.842.639.989.582;2.242.632;ICMS;Estadual;R$ 73.489,86;R$ 113.489,86;27/05/2024;11/07/2024;João;Claudio;2.252.744.862;27/02/2024;27/05/2024;355;KPSN;;ICMS CRÉDITO INDEVIDO;Intimação Fiscal;11/06/2024;ICMS;16/06/2024;R$83.489,86;Fiscal e Juridico Analisando;;16/07/2024;ABS Advocacia;Aguardando documentação
JK;83.994.589;PI;Teresina;83.994.589/9928-22;894.369.999;894.369.999;225.842.639.989.574;22.426.374;ICMS;Estadual;R$ 78.892,26;R$ 118.892,26;27/05/2024;11/07/2024;Serafin;Fernana;2.252.744.862;27/02/2024;27/05/2024;355;KPSN;;ICMS CRÉDITO INDEVIDO;Intimação Fiscal;11/06/2024;ICMS;16/06/2024;R$88.892,26;Perda Parcial aprox 50%;;16/07/2024;Carlos assessoria jur.;Defesa em análise
AB;99.963.969;SP;Sao Paulo;99.963.969/9948-64;298.849.999.999;298.849.999.999;48.485.269;4.426;PIS E COFINS;Federal;R$ 83.833,89;R$ 123.833,89;09/05/2024;23/06/2024;Marcos  ;Camila;N/A;09/02/2024;09/05/2024;4995;AMK;;FALTA DE RECOLHIMENTO;Intimação Fiscal;24/05/2024;PIS E COFINS;29/05/2024;R$93.833,89;Perda Provável 90%;;28/06/2024;Matos Juridico ;Análise em conjunto com Fiscal
JK;83.994.589;PI;Teresina;83.994.589/9352-87;894.756.229;894.208.006.229;225.842.639.996.869;22.426.366;PIS E COFINS;Federal;R$ 83.959,72;R$ 123.959,72;27/04/2024;11/06/2024;Alves ;Emerson;2.252.744.854;28/01/2024;27/04/2024;1337;KPSN;;FALTA DE RECOLHIMENTO;Intimação Fiscal;12/05/2024;PIS E COFINS;17/05/2024;R$93.959,72;Fiscal Analisando;;16/06/2024;BD Juridco;Levantamento de documentos
XP;97.422.629;BA;Salvador;97.422.629/9848-99;78.883.699;208.883.699;2.738;273;PIS E COFINS;Federal;R$ 85.000,00;R$ 125.000,00;12/01/2024;26/02/2024;Edvaldo  ;Camila;N/A;14/10/2023;12/01/2024;B592;KPKS;;FALTA DE RECOLHIMENTO;Intimação Fiscal;27/01/2024;PIS E COFINS;01/02/2024;R$95.000,00;Perda Parcial aprox 70%;;02/03/2024;RBR Juridica;Aguardando recurso
AB;99.963.969;SP;Sao Paulo;99.963.969/9828-97;286.289.999.999;286.289.999.999;87.862.922;76.222;PIS E COFINS;Federal;R$ 85.000,00;R$ 125.000,00;21/01/2024;07/03/2024;Carlos  ;Sergio;N/A;23/10/2023;21/01/2024;1125;AMK;;FALTA DE RECOLHIMENTO;Intimação Fiscal;05/02/2024;PIS E COFINS;10/02/2024;R$95.000,00;Juridico Analisando;;11/03/2024;Douglas escritório Juridico;Aguardando documentação
AB;99.963.969;DF;Brasilia;99.963.969/9952-49;248.832.878.889;2.488.328.208.889;522.922;2.222;PIS E COFINS;Federal;R$ 85.000,00;R$ 125.000,00;28/01/2024;14/03/2024;Edvaldo  ;Emerson;N/A;30/10/2023;28/01/2024;4912;AMK;;FALTA DE RECOLHIMENTO;Intimação Fiscal;12/02/2024;PIS E COFINS;17/02/2024;R$95.000,00;Fiscal e Juridico Analisando;;18/03/2024;Douglas escritório Juridico;Levantamento de documentos
AB;99.963.969;GO;Goiás;99.963.969/9947-83;89.399.393-8;89.399.393-8;842.922.928.499.899;422.224;ISS;Municipal;R$ 85.000,00;R$ 125.000,00;15/02/2024;01/04/2024;Carlos  ;Marcela;8.583;17/11/2023;15/02/2024;1998;AMK;;FALTA DE RECOLHIMENTO;Intimação Fiscal;01/03/2024;ISS;06/03/2024;R$95.000,00;Aguardando resposta do Fiscal;;05/04/2024;JK advocacia;Pedido de revisão
AB;99.963.969;SP;Sao Paulo;99.963.969/9242-92;286.878.999.999;2.868.208.999.999;68.752.922;67.222;ISS;Municipal;R$ 85.000,00;R$ 125.000,00;23/02/2024;09/04/2024;Marcos  ;Camila;828.762.227;25/11/2023;23/02/2024;1435;AMK;;FALTA DE RECOLHIMENTO;Intimação Fiscal;09/03/2024;ISS;14/03/2024;R$95.000,00;Perda Provável 100%;;13/04/2024;LL Assessoria Juridca;Aguardando recurso
JK;83.994.589;MA;São Luis;83.994.589/9233-98;823.784.662;8.232.084.662;542.849.999.999;424;ISS;Municipal;R$ 85.000,00;R$ 125.000,00;28/02/2024;14/04/2024;Maria  ;Sergio;N/A;30/11/2023;28/02/2024;B445;KPSN;;FALTA DE RECOLHIMENTO;Intimação Fiscal;14/03/2024;ISS;19/03/2024;R$95.000,00;Juridico Analisando;;18/04/2024;ABC assessoria juridca;Sob análise do escritório
AB;99.963.969;SP;Sao Paulo;99.963.969/9994-98;635.598.999.999;6.380.080.098.999.990;89.832.922;3.222;ISS;Municipal;R$ 85.000,00;R$ 125.000,00;07/03/2024;21/04/2024;João;Marcela;828.758.224;08/12/2023;07/03/2024;4951;AMK;;FALTA DE RECOLHIMENTO;Intimação Fiscal;22/03/2024;ISS;27/03/2024;R$95.000,00;Fiscal e Juridico Analisando;;26/04/2024;W Carlos Juridico;Aguardando documentação
XP;97.422.629;BA;Salvador;97.422.629/9846-85;834.883.859;83.488.388.009;2.884.249.998.224;2.424.224;PIS E COFINS;Federal;R$ 98.486,36;R$ 138.486,36;28/03/2024;12/05/2024;João;Sergio;542.828;29/12/2023;28/03/2024;7242;KPKS;;FALTA DE RECOLHIMENTO;Intimação Fiscal;12/04/2024;PIS E COFINS;17/04/2024;R$108.486,36;Perda Parcial aprox 70%;;17/05/2024;Carlos assessoria jur.;Pedido de revisão
XP;97.422.629;BA;Salvador;97.422.629/9989-92;86.873.942;868.203.942;2.922.898.843;22.243;PIS E COFINS;Federal;R$ 99.552,99;R$ 139.552,99;10/05/2021;24/06/2021;Edvaldo  ;Claudio;N/A;09/02/2021;10/05/2021;7431;AMS;;FALTA DE RECOLHIMENTO;Intimação Fiscal;25/05/2021;PIS E COFINS;30/05/2021;R$109.552,99;Perda Parcial aprox 30%;;29/06/2021;RBR Juridica;Defesa em análise
AS;93.299.765;BA;Salvador;93.299.765/9599-59;4.839.363;4.839.363;2.739;273;PIS E COFINS;Federal;R$ 120.000,00;R$ 160.000,00;12/01/2021;26/02/2021;Gilmar ;Fernana;N/A;14/10/2020;12/01/2021;B646;KPKS;;FALTA DE RECOLHIMENTO;Intimação Fiscal;27/01/2021;PIS E COFINS;01/02/2021;R$130.000,00;Perda Parcial aprox 50%;;03/03/2021;Carlos assessoria jur.;Aguardando recurso
AS;93.299.765;RS;Porto Alegre;93.299.765/9383-58;993/9369998;993/9369998;939.369.998;336;PIS E COFINS;Federal;R$ 120.000,00;R$ 160.000,00;12/01/2021;26/02/2021;Serafin;Claudio;N/A;14/10/2020;12/01/2021;B292;AMS;;FALTA DE RECOLHIMENTO;Intimação Fiscal;27/01/2021;PIS E COFINS;01/02/2021;R$130.000,00;Perda Parcial aprox 30%;;03/03/2021;Douglas escritório Juridico;Sob análise do escritório
AB;99.963.969;SP;Sao Paulo;99.963.969/9242-92;626.789.999.999;6.262.089.999.999;8784_2922;74_222;PIS E COFINS;Federal;R$ 120.000,00;R$ 160.000,00;21/01/2021;07/03/2021;Maria  ;Camila;N/A;23/10/2020;21/01/2021;1166;AMK;;FALTA DE RECOLHIMENTO;Intimação Fiscal;05/02/2021;PIS E COFINS;10/02/2021;R$130.000,00;Perda Parcial aprox 70%;;12/03/2021;Douglas escritório Juridico;Aguardando documentação
JK;83.994.589;GO;Goiás;83.994.589/9998-89;89.394.992-8;89.394.992-8;22.922;2.222;PIS E COFINS;Federal;R$ 120.000,00;R$ 160.000,00;28/01/2021;14/03/2021;Gilmar ;Marcela;84.638;30/10/2020;28/01/2021;4934;AMK;;FALTA DE RECOLHIMENTO;Intimação Fiscal;12/02/2021;PIS E COFINS;17/02/2021;R$130.000,00;Perda Provável 100%;;19/03/2021;Douglas escritório Juridico;Levantamento de documentos
AS;93.299.765;RS;Porto Alegre;93.299.765/9288-99;986/9289768;986/92892068;869.289.768;6.276;PIS E COFINS;Federal;R$ 120.000,00;R$ 160.000,00;02/02/2021;19/03/2021;Maria  ;Douglas ;N/A;04/11/2020;02/02/2021;B135;AMS;;FALTA DE RECOLHIMENTO;Intimação Fiscal;17/02/2021;PIS E COFINS;22/02/2021;R$130.000,00;Juridico Analisando;;24/03/2021;ABS Advocacia;Análise em conjunto com Fiscal
AS;93.299.765;SP;Sao Paulo;93.299.765/9478-89;379.887.999.999;32.098.820.999.999;42.892.922;42.222;PIS E COFINS;Federal;R$ 120.000,00;R$ 160.000,00;14/02/2021;31/03/2021;Edvaldo  ;Claudio;N/A;16/11/2020;14/02/2021;7471;AMK;;FALTA DE RECOLHIMENTO;Intimação Fiscal;01/03/2021;PIS E COFINS;06/03/2021;R$130.000,00;Fiscal e Juridico Analisando;;05/04/2021;JK advocacia;Aguardando cálculos do Fiscal
AB;99.963.969;GO;Goiás;99.963.969/9947-83;89.399.393-8;89.399.393-8;862.922.928.499.988;622.224;ISS;Municipal;R$ 120.000,00;R$ 160.000,00;15/02/2021;01/04/2021;Maria  ;Juliana;8.583;17/11/2020;15/02/2021;1998;AMK;;FALTA DE RECOLHIMENTO;Intimação Fiscal;02/03/2021;ISS;07/03/2021;R$130.000,00;Aguardando resposta do Fiscal;;06/04/2021;LL Assessoria Juridca;Defesa em análise
AB;99.963.969;SP;Sao Paulo;99.963.969/9825-39;286.878.999.999;2.868.208.999.999;68.772.922;677.222;ISS;Municipal;R$ 120.000,00;R$ 160.000,00;23/02/2021;09/04/2021;Serafin;Fernana;828.768.223;25/11/2020;23/02/2021;1435;AMK;;FALTA DE RECOLHIMENTO;current AIIM;10/03/2021;ISS;15/03/2021;R$130.000,00;Fiscal Analisando;;14/04/2021;ABC assessoria juridca;Pedido de revisão
AB;99.963.969;PI;Teresina;99.963.969/9974-56;894.369.999;894.369.999;225.842.639.989.678;22.426.367;ICMS;Estadual;R$ 123.454,76;R$ 163.454,76;27/05/2021;11/07/2021;Maria  ;Claudio;2.252.744.862;26/02/2021;27/05/2021;355;KPSN;;NÃO RECOLHIMENTO DO ICMS;current AIIM;11/06/2021;ICMS;16/06/2021;R$133.454,76;Fiscal Analisando;;16/07/2021;BD Juridco;Aguardando cálculos do Fiscal
AS;93.299.765;PI;Teresina;93.299.765/9366-59;894.779.689;89.420.209.689;229.582.639.988.594;222.634;ICMS;Estadual;R$ 123.798,80;R$ 163.798,80;31/05/2021;15/07/2021;Gilmar ;Douglas ;225.822.456;02/03/2021;31/05/2021;1366;AMS;;NÃO RECOLHIMENTO DO ICMS;current AIIM;15/06/2021;ICMS;20/06/2021;R$133.798,80;Perda Parcial aprox 50%;;20/07/2021;W Carlos Juridico;Análise em conjunto com Fiscal
JK;83.994.589;PI;Teresina;83.994.589/9352-87;894.369.999;894.369.999;225.842.639.995.786;22.426.376;PIS E COFINS;Federal;R$ 123.899,80;R$ 163.899,80;28/03/2021;12/05/2021;Edvaldo  ;Claudio;2.252.744.862;28/12/2020;28/03/2021;355;KPSN;;FALTA DE RECOLHIMENTO;Intimação Fiscal;12/04/2021;PIS E COFINS;17/04/2021;R$133.899,80;Perda Remota 10%;;17/05/2021;ABC assessoria juridca;Levantamento de documentos
AS;93.299.765;RS;Porto Alegre;93.299.765/9887-47;"
832/9999254";832/999928004;48.829.853;423;ICMS;Estadual;R$ 128.598,82;R$ 168.598,82;19/05/2021;03/07/2021;Carlos  ;Claudio;N/A;18/02/2021;19/05/2021;191;AMS;;NÃO RECOLHIMENTO DO ICMS;current AIIM;03/06/2021;ICMS;08/06/2021;R$138.598,82;Fiscal e Juridico Analisando;;08/07/2021;ABS Advocacia;Aguardando recurso
JK;83.994.589;PI;Teresina;83.994.589/9928-22;894.369.999;894.369.999;225.842.639.995.588;224.263;PIS E COFINS;Federal;R$ 128.895,48;R$ 168.895,48;28/03/2021;12/05/2021;Maria  ;Fernana;2.252.744.862;28/12/2020;28/03/2021;355;KPSN;;FALTA DE RECOLHIMENTO;Intimação Fiscal;12/04/2021;PIS E COFINS;17/04/2021;R$138.895,48;Juridico Analisando;;17/05/2021;Douglas escritório Juridico;Pedido de revisão
JK;83.994.589;PI;Teresina;83.994.589/9928-22;894.369.999;894.369.999;225.842.639.989.663;224.263.663;ICMS;Estadual;R$ 128.986,56;R$ 168.986,56;27/05/2022;11/07/2022;Carlos  ;Claudio;2.252.744.862;26/02/2022;27/05/2022;355;KPSN;;NÃO RECOLHIMENTO DO ICMS;Intimação Fiscal;11/06/2022;ICMS;16/06/2022;R$138.986,56;Perda Provável 100%;;16/07/2022;Douglas escritório Juridico;Defesa em análise
JK;83.994.589;CE;Fortaleza;83.994.589/9259-29;96.392334-2;96.392334-2;2.922.942.284;2.224.224;PIS E COFINS;Federal;R$ 129.259,77;R$ 169.259,77;16/05/2022;30/06/2022;Carlos  ;Sergio;2.288.482;15/02/2022;16/05/2022;192;KPSN;;FALTA DE RECOLHIMENTO;Intimação Fiscal;31/05/2022;PIS E COFINS;05/06/2022;R$139.259,77;Aguardando resposta do Fiscal;;05/07/2022;Douglas escritório Juridico;Aguardando cálculos do Fiscal
JK;83.994.589;CE;Fortaleza;83.994.589/9358-92;96.488899-8;96.488899-8;2.922.946.389;222.463;ICMS;Estadual;R$ 129.644,62;R$ 169.644,62;20/05/2022;04/07/2022;Maria  ;Juliana;2.288.483;19/02/2022;20/05/2022;1269;KPSN;;NÃO RECOLHIMENTO DO ICMS;Intimação Fiscal;04/06/2022;ICMS;09/06/2022;R$139.644,62;Fiscal e Juridico Analisando;;09/07/2022;Carlos assessoria jur.;Análise em conjunto com Fiscal
AS;93.299.765;RS;Porto Alegre;93.299.765/9483-98;832/9999289;832/9999289;48.824.886;4.246;PIS E COFINS;Federal;R$ 129.774,93;R$ 169.774,93;27/04/2022;11/06/2022;Edvaldo  ;Claudio;N/A;27/01/2022;27/04/2022;1926;AMS;;FALTA DE RECOLHIMENTO;Intimação Fiscal;12/05/2022;PIS E COFINS;17/05/2022;R$139.774,93;Aguardando resposta do Fiscal;;16/06/2022;RBR Juridica;Levantamento de documentos
AS;93.299.765;RS;Porto Alegre;93.299.765/9288-99;986/9289768;986/92892068;48.823.996;4.236;PIS E COFINS;Federal;R$ 129.984,48;R$ 169.984,48;27/04/2022;11/06/2022;Carlos  ;Camila;N/A;27/01/2022;27/04/2022;135;AMS;;FALTA DE RECOLHIMENTO;Intimação Fiscal;12/05/2022;PIS E COFINS;17/05/2022;R$139.984,48;Fiscal e Juridico Analisando;;16/06/2022;Matos Juridico ;Aguardando documentação
AS;93.299.765;RS;Porto Alegre;93.299.765/9878-92;993/9389486;993/9389486;48.898.453;443;PIS E COFINS;Federal;R$ 135.969,22;R$ 175.969,22;06/04/2022;21/05/2022;Marcos  ;Sergio;N/A;06/01/2022;06/04/2022;187;AMS;;FALTA DE RECOLHIMENTO;Intimação Fiscal;21/04/2022;PIS E COFINS;26/04/2022;R$145.969,22;Juridico Analisando;;26/05/2022;BD Juridco;Sob análise do escritório
JK;83.994.589;CE;Fortaleza;83.994.589/9259-29;96.392334-2;96.392334-2;2.922.942.272;22.242.272;PIS E COFINS;Federal;R$ 139.548,23;R$ 179.548,23;16/05/2022;30/06/2022;João;Juliana;2.288.482;15/02/2022;16/05/2022;192;KPSN;;FALTA DE RECOLHIMENTO;Intimação Fiscal;31/05/2022;PIS E COFINS;05/06/2022;R$149.548,23;Perda Provável 100%;;05/07/2022;W Carlos Juridico;Aguardando recurso
AS;93.299.765;RS;Porto Alegre;93.299.765/9948-89;996/2289498;996/2289498;48.829.338;4.233;ICMS;Estadual;R$ 139.938,48;R$ 179.938,48;19/05/2022;03/07/2022;Serafin;Camila;N/A;18/02/2022;19/05/2022;11;AMS;;NÃO RECOLHIMENTO DO ICMS;Intimação Fiscal;03/06/2022;ICMS;08/06/2022;R$149.938,48;Perda Parcial aprox 70%;;08/07/2022;ABC assessoria juridca;Pedido de revisão
AS;93.299.765;PE;Recife;93.299.765/9347-98;9352959-54;93800298009-8004;292.299.999.988.864.000;22.264;PIS E COFINS;Federal;R$ 240.000,00;R$ 280.000,00;17/01/2022;03/03/2022;Maria  ;Claudio;22.886.625;19/10/2021;17/01/2022;4946;AMK;;Base de  Cálculo;current AIIM;01/02/2022;PIS E COFINS;06/02/2022;R$250.000,00;Perda Parcial aprox 70%;;08/03/2022;W Carlos Juridico;Defesa em análise
JK;83.994.589;PE;Recife;83.994.589/9259-92;"
9296489-49";9296489-49;292.899.999.875.777.000;227.777;PIS E COFINS;Federal;R$ 260.000,00;R$ 300.000,00;07/01/2022;21/02/2022;N/A;Juliana;N/A;09/10/2021;07/01/2022;B339;KPSN;;Base de  Cálculo;Intimação Fiscal;22/01/2022;PIS E COFINS;27/01/2022;R$270.000,00;Perda Parcial aprox 50%;;26/02/2022;ABC assessoria juridca;Aguardando cálculos do Fiscal
AB;99.963.969;PE;Recife;99.963.969/9969-99;28.497.394;284.920.394;292.299.999.992.963.000;222.263;PIS E COFINS;Federal;R$ 270.000,00;R$ 310.000,00;14/01/2022;28/02/2022;Carlos  ;Claudio;2.288.664;16/10/2021;14/01/2022;B397;KPSN;;Base de  Cálculo;Intimação Fiscal;29/01/2022;PIS E COFINS;03/02/2022;R$280.000,00;Perda Remota 10%;;05/03/2022;LL Assessoria Juridca;Análise em conjunto com Fiscal
JK;83.994.589;PE;Recife;83.994.589/9245-25;"
989296827";9.892.968.220;292.899.999.875.789.000;2.277;PIS E COFINS;Federal;R$ 280.000,00;R$ 320.000,00;07/01/2022;21/02/2022;N/A;Marcela;N/A;09/10/2021;07/01/2022;B329;KPSN;;Base de  Cálculo;Intimação Fiscal;22/01/2022;PIS E COFINS;27/01/2022;R$190.000,00;Perda Provável 90%;;26/02/2022;JK advocacia;Levantamento de documentos
JK;83.994.589;PE;Recife;83.994.589/9925-56;"
998489298";998.489.298;292.899.999.875.782.000;22.772;ICMS;Estadual;R$ 290.000,00;R$ 330.000,00;07/01/2022;21/02/2022;Alves ;Juliana;N/A;09/10/2021;07/01/2022;B999;KPSN;;ICMS - omissão de saída;Intimação Fiscal;22/01/2022;ICMS;27/01/2022;R$200.000,00;Fiscal e Juridico Analisando;;26/02/2022;Douglas escritório Juridico;Sob análise do escritório
AS;93.299.765;RS;Porto Alegre;93.299.765/9922-48;899/9825472;899/9828004202;8.999.825.472;2.472;PIS E COFINS;Federal;R$ 290.000,00;R$ 330.000,00;12/01/2022;26/02/2022;Serafin;Emerson;N/A;14/10/2021;12/01/2022;B995;AMS;;Base de  Cálculo;Intimação Fiscal;27/01/2022;PIS E COFINS;01/02/2022;R$200.000,00;Fiscal Analisando;;03/03/2022;ABS Advocacia;Aguardando documentação
AB;99.963.969;BA;Salvador;99.963.969/9968-38;69.254.684;6.928.004.684;8.985.299.998.282;222;ICMS;Estadual;R$ 318.985,25;R$ 358.985,25;29/03/2023;13/05/2023;Gilmar ;Sergio;N/A;29/12/2022;29/03/2023;4994;AMK;;ICMS - omissão de saída;Intimação Fiscal;13/04/2023;ICMS;18/04/2023;R$228.985,25;Juridico Analisando;;18/05/2023;Carlos assessoria jur.;Aguardando recurso
JK;83.994.589;PE;Recife;83.994.589/9256-88;33.987.795;339.820.209.800;292.899.999.875.993.000;2.273;PIS E COFINS;Federal;R$ 320.000,00;R$ 360.000,00;07/01/2023;21/02/2023;João;Claudio;N/A;09/10/2022;07/01/2023;B359;KPSN;;Base de  Cálculo;Intimação Fiscal;22/01/2023;PIS E COFINS;27/01/2023;R$230.000,00;Perda Provável 100%;;26/02/2023;RBR Juridica;Pedido de revisão
JK;83.994.589;CE;Fortaleza;83.994.589/9259-29;96.392334-2;96.392334-2;2.922.942.583;222.423;ICMS;Estadual;R$ 338.645,30;R$ 378.645,30;16/05/2023;30/06/2023;Edvaldo  ;Fernana;2.288.482;15/02/2023;16/05/2023;192;KPSN;;ICMS - omissão de saída;Intimação Fiscal;31/05/2023;ICMS;05/06/2023;R$248.645,30;Aguardando resposta do Fiscal;;05/07/2023;Matos Juridico ;Defesa em análise
JK;83.994.589;CE;Fortaleza;83.994.589/9358-92;96.488899-8;96.488899-8;2.922.944.828;222.442;ICMS;Estadual;R$ 338.884,94;R$ 378.884,94;20/05/2023;04/07/2023;Marcos  ;Claudio;2.288.483;19/02/2023;20/05/2023;1269;KPSN;;ICMS - omissão de saída;Intimação Fiscal;04/06/2023;ICMS;09/06/2023;R$248.884,94;Fiscal e Juridico Analisando;;09/07/2023;BD Juridco;Aguardando cálculos do Fiscal
JK;83.994.589;PE;Recife;83.994.589/9987-46;"
999593499";99.980.093.499;292.899.999.875.796.000;22.776;ICMS;Estadual;R$ 340.000,00;R$ 380.000,00;07/01/2023;21/02/2023;Gilmar ;Marcela;N/A;09/10/2022;07/01/2023;B997;KPSN;;ICMS - omissão de saída;Intimação Fiscal;22/01/2023;ICMS;27/01/2023;R$250.000,00;Fiscal e Juridico Analisando;;26/02/2023;ABC assessoria juridca;Levantamento de documentos
AS;93.299.765;PE;Recife;93.299.765/9995-49;894.392;894.392;27.934.988;2.734;PIS E COFINS;Federal;R$ 340.000,00;R$ 380.000,00;12/01/2023;26/02/2023;Marcos  ;Douglas ;N/A;14/10/2022;12/01/2023;B888;KPSN;;Base de  Cálculo;Intimação Fiscal;27/01/2023;PIS E COFINS;01/02/2023;R$250.000,00;Aguardando resposta do Fiscal;;03/03/2023;W Carlos Juridico;Análise em conjunto com Fiscal
JK;83.994.589;PE;Recife;83.994.589/9492-89;62.785.534;6.220.880.080.034;292.899.999.876.844.000;227.644;PIS E COFINS;Federal;R$ 360.000,00;R$ 400.000,00;07/01/2023;21/02/2023;Alves ;Fernana;N/A;09/10/2022;07/01/2023;B392;KPSN;;Base de  Cálculo;Intimação Fiscal;22/01/2023;PIS E COFINS;27/01/2023;R$270.000,00;Perda Provável 100%;;26/02/2023;JK advocacia;Sob análise do escritório
AS;93.299.765;PE;Recife;93.299.765/9333-92;9369978-47;93699208-420;292.899.999.875.948.000;2.274;PIS E COFINS;Federal;R$ 360.000,00;R$ 400.000,00;07/01/2023;21/02/2023;Alves ;Claudio;N/A;09/10/2022;07/01/2023;B235;AMS;;Base de  Cálculo;Intimação Fiscal;22/01/2023;PIS E COFINS;27/01/2023;R$270.000,00;Juridico Analisando;;26/02/2023;LL Assessoria Juridca;Aguardando documentação
JK;83.994.589;PE;Recife;83.994.589/9258-73;"
923248649";923.248.649;292.899.999.875.792.000;22.772;PIS E COFINS;Federal;R$ 390.000,00;R$ 430.000,00;07/01/2023;21/02/2023;N/A;Camila;N/A;09/10/2022;07/01/2023;B339;KPSN;;Base de  Cálculo;Intimação Fiscal;22/01/2023;PIS E COFINS;27/01/2023;R$300.000,00;Perda Parcial aprox 70%;;26/02/2023;ABS Advocacia;Aguardando recurso
XP;97.422.629;PE;Recife;97.422.629/9998-59;"
989283395";98.928.339.800;292.299.999.283.253.000;2.222.323;PIS E COFINS;Federal;R$ 359.395,66;R$ 439.395,66;13/05/2023;27/06/2023;Gilmar ;Emerson;22.233.238;12/02/2023;13/05/2023;96;KPSN;;Base de  Cálculo;Intimação Fiscal;28/05/2023;PIS E COFINS;02/06/2023;R$309.395,66;Perda Parcial aprox 30%;;02/07/2023;Douglas escritório Juridico;Pedido de revisão
XP;97.422.629;PE;Recife;97.422.629/9945-78;"
986956499";"
98698006499";292.299.999.228.755.000;222.227;PIS E COFINS;Federal;R$ 362.263,66;R$ 442.263,66;22/04/2023;06/06/2023;Maria  ;Douglas ;228.866.256;22/01/2023;22/04/2023;319;KPSN;;Base de  Cálculo;Intimação Fiscal;07/05/2023;PIS E COFINS;12/05/2023;R$312.263,66;Perda Parcial aprox 50%;;11/06/2023;Douglas escritório Juridico;Defesa em análise
AS;93.299.765;RJ;Rio de Janeiro;93.299.765/9347-98;77.936.787;202.093.620.820;36.427.259;364.272;ICMS;Estadual;R$ 376.839,79;R$ 456.839,79;23/05/2023;07/07/2023;Marcos  ;Claudio;N/A;22/02/2023;23/05/2023;3712;AMK;;ICMS - omissão de saída;Intimação Fiscal;07/06/2023;ICMS;12/06/2023;R$326.839,79;Perda Remota 10%;;12/07/2023;Douglas escritório Juridico;Aguardando cálculos do Fiscal
JK;83.994.589;PE;Recife;83.994.589/9395-57;62.785.372;622.088.003.202;292.899.999.876.844.000;227.644;PIS E COFINS;Federal;R$ 400.000,00;R$ 480.000,00;07/01/2023;21/02/2023;Marcos  ;Claudio;N/A;09/10/2022;06/01/2025;B394;KPSN;;Base de  Cálculo;Intimação Fiscal;22/01/2023;PIS E COFINS;27/01/2023;R$350.000,00;Fiscal Analisando;;26/02/2023;RBR Juridica;Levantamento de documentos
AS;93.299.765;PE;Recife;93.299.765/9347-98;9382829-35;9382829-3800;292.899.999.875.963.000;22.763;PIS E COFINS;Federal;R$ 400.000,00;R$ 480.000,00;07/01/2023;21/02/2023;Marcos  ;Douglas ;N/A;09/10/2022;09/10/2023;B266;AMS;;Base de  Cálculo;Intimação Fiscal;22/01/2023;PIS E COFINS;27/01/2023;R$350.000,00;Perda Provável 90%;;26/02/2023;Carlos assessoria jur.;Análise em conjunto com Fiscal
JK;83.994.589;PE;Recife;83.994.589/9258-49;982.729.264;"
9822029264";292.899.999.875.738.000;22.773;PIS E COFINS;Federal;R$ 430.000,00;R$ 510.000,00;07/01/2020;21/02/2020;Edvaldo  ;Sergio;N/A;09/10/2019;06/01/2022;B256;KPSN;;Base de  Cálculo;Intimação Fiscal;22/01/2020;PIS E COFINS;27/01/2020;R$380.000,00;Perda Provável 100%;;26/02/2020;W Carlos Juridico;Aguardando recurso
AB;99.963.969;PE;Recife;99.963.969/9969-99;35.683.269;3.800.683.269;292.899.999.875.925.000;2.272;PIS E COFINS;Federal;R$ 430.000,00;R$ 510.000,00;07/01/2020;21/02/2020;Edvaldo  ;Claudio;N/A;09/10/2019;06/01/2022;4941;AMK;;Base de  Cálculo;Intimação Fiscal;22/01/2020;PIS E COFINS;27/01/2020;R$380.000,00;Juridico Analisando;;26/02/2020;BD Juridco;Sob análise do escritório
AB;99.963.969;PE;Recife;99.963.969/9496-82;894.392;894.392;27934988Taiim8;2734Taiim;PIS E COFINS;Federal;R$ 430.000,00;R$ 510.000,00;19/01/2020;05/03/2020;Serafin;Sergio;N/A;21/10/2019;18/01/2022;B888;KPSN;;Base de  Cálculo;Intimação Fiscal;03/02/2020;PIS E COFINS;08/02/2020;R$380.000,00;Fiscal e Juridico Analisando;;09/03/2020;Matos Juridico ;Aguardando documentação
JK;83.994.589;PE;Recife;83.994.589/9873-86;"
924964978";9.249.649.208;292.899.999.875.798.000;2.277;PIS E COFINS;Federal;R$ 450.000,00;R$ 530.000,00;07/01/2020;21/02/2020;N/A;Fernana;N/A;09/10/2019;06/01/2022;B341;KPSN;;Base de  Cálculo;Intimação Fiscal;22/01/2020;PIS E COFINS;27/01/2020;R$400.000,00;Perda Parcial aprox 70%;;26/02/2020;ABC assessoria juridca;Pedido de revisão
JK;83.994.589;BA;Salvador;83.994.589/9995-92;49.728.448;492.028.448;2.884.249.993.289;242.432;ICMS;Estadual;R$ 474.937,59;R$ 554.937,59;27/09/2023;11/11/2023;Alves ;Camila;N/A;29/06/2023;13/08/2023;;KPKS;;ICMS - omissão de saída;Intimação Fiscal;12/10/2023;ICMS;17/10/2023;R$424.937,59;Perda Parcial aprox 30%;;16/11/2023;LL Assessoria Juridca;Defesa em análise
JK;83.994.589;PE;Recife;83.994.589/9494-82;27.334.89-5;220.334.89-800;292.899.999.875.826.000;22.726;IR CS;Federal;R$ 500.000,00;R$ 580.000,00;07/01/2020;21/02/2020;Gilmar ;Camila;N/A;09/10/2019;06/01/2022;B266;KPSN;;Erro de calculo;Intimação Fiscal;22/01/2020;IR CS;27/01/2020;R$450.000,00;Perda Provável 90%;;26/02/2020;Douglas escritório Juridico;Levantamento de documentos
AS;93.299.765;PE;Recife;93.299.765/9384-29;9352959-54;93800298009-8004;292.899.999.875.929.000;2.272;IR CS;Federal;R$ 500.000,00;R$ 580.000,00;07/01/2020;21/02/2020;Gilmar ;Claudio;N/A;09/10/2019;06/01/2022;4946;AMK;;Erro de calculo;Intimação Fiscal;22/01/2020;IR CS;27/01/2020;R$450.000,00;Perda Remota 10%;;26/02/2020;ABS Advocacia;Análise em conjunto com Fiscal
AB;99.963.969;AL;Maceió;99.963.969/9426-99;244.888.828;244.888.828;7.988.499.998;74;PIS E COFINS;Federal;R$ 500.000,00;R$ 580.000,00;19/01/2020;05/03/2020;Maria  ;Camila;7.884;21/10/2019;18/01/2022;4156;AMK;;Base de  Cálculo;Intimação Fiscal;03/02/2020;PIS E COFINS;08/02/2020;R$450.000,00;Perda Parcial aprox 50%;;09/03/2020;JK advocacia;Aguardando cálculos do Fiscal
JK;83.994.589;MA;São Luis;83.994.589/9383-99;828.658.886;82.868.008.886;548.963.999.283;46.323;ISS;Municipal;R$ 559.435,92;R$ 639.435,92;10/03/2020;24/04/2020;Serafin;Sergio;N/A;11/12/2019;10/03/2022;149;KPSN;;FALTA DE RECOLHIMENTO;Intimação Fiscal;25/03/2020;ISS;30/03/2020;R$509.435,92;Fiscal Analisando;;29/04/2020;Douglas escritório Juridico;Aguardando documentação
AB;99.963.969;BA ;Salvador;99.963.969/9948-64;68.999.489;68.999.489;8.985.299.997.292;2.722;ICMS;Estadual;R$ 599.856,74;R$ 679.856,74;15/07/2020;29/08/2020;Edvaldo  ;Juliana;N/A;16/04/2020;15/07/2022;4936;AMK;;ICMS - omissão de saída;Intimação Fiscal;30/07/2020;ICMS;04/08/2020;R$549.856,74;Aguardando resposta do Fiscal;;03/09/2020;Douglas escritório Juridico;Sob análise do escritório
JK;83.994.589;PE;Recife;83.994.589/9982-38;"
9998959-23";999898009-23;292.899.999.875.792.000;22.772;ICMS;Estadual;R$ 650.000,00;R$ 730.000,00;07/01/2022;21/02/2022;Serafin;Claudio;N/A;09/10/2021;07/01/2024;B994;KPSN;;ICMS - omissão de saída;Intimação Fiscal;22/01/2022;ICMS;27/01/2022;R$400.000,00;Fiscal e Juridico Analisando;;26/02/2022;Carlos assessoria jur.;Aguardando recurso
JK;83.994.589;CE;Fortaleza;83.994.589/9259-29;96.392334-2;96.392334-2;2.922.942.337;22.242.337;IR CS;Federal;R$ 727.434,43;R$ 807.434,43;16/05/2022;30/06/2022;Maria  ;Camila;2.288.482;15/02/2022;15/05/2024;192;KPSN;;Erro de calculo;Intimação Fiscal;31/05/2022;IR CS;05/06/2022;R$477.434,43;Juridico Analisando;;05/07/2022;RBR Juridica;Pedido de revisão
JK;83.994.589;PE;Recife;83.994.589/9228-58;37.493.499;320.493.499;292.899.999.875.949.000;2.274;ICMS;Estadual;R$ 790.000,00;R$ 870.000,00;07/01/2022;21/02/2022;Maria  ;Juliana;N/A;09/10/2021;07/01/2024;B235;KPSN;;ICMS - omissão de saída;Intimação Fiscal;22/01/2022;ICMS;27/01/2022;R$540.000,00;Perda Parcial aprox 30%;;26/02/2022;W Carlos Juridico;Análise em conjunto com Fiscal
AB;99.963.969;PE;Recife;99.963.969/9972-94;894.392;894.392;292.899.999.875.798.000;2.277;IR CS;Federal;R$ 790.000,00;R$ 870.000,00;07/01/2022;21/02/2022;Maria  ;Claudio;N/A;09/10/2021;07/01/2024;B888;KPSN;;Erro de calculo;Intimação Fiscal;22/01/2022;IR CS;27/01/2022;R$540.000,00;Perda Parcial aprox 70%;;26/02/2022;BD Juridco;Aguardando cálculos do Fiscal
JK;83.994.589;RS;Porto Alegre;83.994.589/9998-89;859/9858488;88009/988008488;48.339.769;43.376;IR CS;Federal;R$ 790.000,00;R$ 870.000,00;17/01/2022;03/03/2022;Marcos  ;Juliana;N/A;19/10/2021;17/01/2024;B199;AMS;;Erro de calculo;Intimação Fiscal;01/02/2022;IR CS;06/02/2022;R$540.000,00;Perda Provável 100%;;08/03/2022;Matos Juridico ;Defesa em análise
JK;83.994.589;PE;Recife;83.994.589/9989-79;"
999894485";99.989.448.800;292.899.999.875.798.000;2.277;ICMS;Estadual;R$ 800.000,00;R$ 880.000,00;07/01/2022;21/02/2022;Marcos  ;Fernana;N/A;09/10/2021;07/01/2024;B991;KPSN;;ICMS - omissão de saída;Intimação Fiscal;22/01/2022;ICMS;27/01/2022;R$550.000,00;Perda Parcial aprox 50%;;26/02/2022;ABC assessoria juridca;Levantamento de documentos
JK;83.994.589;CE;Fortaleza;83.994.589/9358-92;96.488899-8;96.488899-8;2.922.946.254;2.224.624;ICMS;Estadual;R$ 857.978,64;R$ 937.978,64;20/05/2022;04/07/2022;João;Emerson;2.288.483;19/02/2022;19/05/2024;1269;KPSN;;ICMS - omissão de saída;Intimação Fiscal;04/06/2022;ICMS;09/06/2022;R$607.978,64;Perda Remota 10%;;09/07/2022;LL Assessoria Juridca;Aguardando documentação
JK;83.994.589;BA;Salvador;83.994.589/9928-22;834.883.859;83.488.388.009;2.884.249.992.229;2.424.222;IR CS;Federal;R$ 858.596,22;R$ 938.596,22;28/03/2019;12/05/2019;Carlos  ;Camila;542.828;28/12/2018;27/03/2021;7242;KPKS;;Erro de calculo;Intimação Fiscal;12/04/2019;IR CS;17/04/2019;R$608.596,22;Perda Provável 90%;;17/05/2019;JK advocacia;Sob análise do escritório
AS;93.299.765;PI;Teresina;93.299.765/9258-98;894.756.229;894.208.006.229;225.842.639.996.887;22.426.367;IR CS;Federal;R$ 868.423,68;R$ 948.423,68;27/04/2019;11/06/2019;Marcos  ;Marcela;2.252.744.854;27/01/2019;26/04/2021;1337;KPSN;;Erro de calculo;Intimação Fiscal;12/05/2019;IR CS;17/05/2019;R$618.423,68;Fiscal Analisando;;16/06/2019;ABS Advocacia;Aguardando recurso
AS;93.299.765;RS;Porto Alegre;93.299.765/9996-28;996/2885436;996/288800436;48.894.329;4.432;IR CS;Federal;R$ 879.874,27;R$ 959.874,27;11/04/2019;26/05/2019;João;Douglas ;N/A;11/01/2019;10/04/2021;7499;AMS;;Erro de calculo;Intimação Fiscal;26/04/2019;IR CS;01/05/2019;R$629.874,27;Aguardando resposta do Fiscal;;31/05/2019;Douglas escritório Juridico;Pedido de revisão
AB;99.963.969;BA;Salvador;99.963.969/9948-64;68.999.489;68.999.489;2.749.689.988.229;274.622;ICMS;Estadual;R$ 879.924,75;R$ 959.924,75;14/07/2019;28/08/2019;João;Douglas ;N/A;15/04/2019;13/07/2021;4936;AMK;;ICMS - omissão de saída;Intimação Fiscal;29/07/2019;ICMS;03/08/2019;R$629.924,75;Fiscal e Juridico Analisando;;02/09/2019;Carlos assessoria jur.;Defesa em análise
JK;83.994.589;PE;Recife;83.994.589/9333-54;28.497.394;284.920.394;292.899.999.875.782.000;22.772;IR CS;Federal;R$ 880.000,00;R$ 960.000,00;07/01/2019;21/02/2019;Maria  ;Emerson;N/A;09/10/2018;06/01/2021;B397;KPSN;;Erro de calculo;Intimação Fiscal;22/01/2019;IR CS;27/01/2019;R$630.000,00;Juridico Analisando;;26/02/2019;RBR Juridica;Aguardando cálculos do Fiscal
AS;93.299.765;RS;Porto Alegre;93.299.765/9889-88;996/2885665;996/28880066800;48.829.385;423;ICMS;Estadual;R$ 886.895,27;R$ 966.895,27;19/05/2019;03/07/2019;João;Fernana;N/A;18/02/2019;18/05/2021;79;AMS;;ICMS - omissão de saída;Intimação Fiscal;03/06/2019;ICMS;08/06/2019;R$636.895,27;Perda Provável 100%;;08/07/2019;Matos Juridico ;Análise em conjunto com Fiscal
AB;99.963.969;RS;Porto Alegre;99.963.969/9547-95;382/9923293;382/9923293;48.894.258;442;IR CS;Federal;R$ 886.986,27;R$ 966.986,27;11/04/2019;26/05/2019;Gilmar ;Sergio;N/A;11/01/2019;10/04/2021;7438;AMS;;Erro de calculo;AIIM - análise do fiscal;26/04/2019;IR CS;01/05/2019;R$636.986,27;Perda Parcial aprox 70%;;31/05/2019;BD Juridco;Levantamento de documentos
AB;99.963.969;RJ;Rio de Janeiro;99.963.969/9926-59;79.547.282;209.800.420.282;36.426.939;364.263;ICMS;Estadual;R$ 898.784,84;R$ 978.784,84;23/05/2019;07/07/2019;Alves ;Fernana;N/A;22/02/2019;22/05/2021;1478;AMK;;ICMS;AIIM - análise do fiscal;07/06/2019;ICMS;12/06/2019;R$648.784,84;Perda Parcial aprox 30%;;12/07/2019;W Carlos Juridico;Aguardando documentação
AS;93.299.765;BA;Salvador;93.299.765/9394-58;76.895.385;2.068.980.038.800;2.968.269.993.874;2.626.374;ICMS;Estadual;R$ 986.224,98;R$ 1.066.224,98;03/04/2017;18/05/2017;Carlos  ;Emerson;N/A;03/01/2017;03/04/2019;B227;AMS;;ICMS;AIIM - análise do fiscal;18/04/2017;ICMS;23/04/2017;R$736.224,98;Perda Parcial aprox 50%;;23/05/2017;ABC assessoria juridca;Sob análise do escritório
JK;83.994.589;PE;Recife;83.994.589/9947-68;"
986956499";98.698.006.499;292.899.999.875.753.000;22.773;IR CS;Federal;R$ 2.400.000,00;R$ 2.480.000,00;07/01/2022;21/02/2022;N/A;Emerson;N/A;09/10/2021;07/01/2024;B319;KPSN;;Erro de calculo;AIIM - análise do fiscal;22/01/2022;IR CS;27/01/2022;R$2.150.000,00;Perda Remota 10%;;26/02/2022;LL Assessoria Juridca;Aguardando recurso
JK;83.994.589;PE;Recife;83.994.589/9233-98;58.288.925;800.828.892.800;292.899.999.876.968.000;22.766;IR CS;Federal;R$ 3.200.000,00;R$ 3.280.000,00;07/01/2022;21/02/2022;Serafin;Douglas ;N/A;09/10/2021;07/01/2024;B397;KPSN;;Erro de calculo;AIIM - análise do fiscal;22/01/2022;IR CS;27/01/2022;R$2.950.000,00;Perda Provável 90%;;26/02/2022;JK advocacia;Pedido de revisão
AS;93.299.765;RS;Porto Alegre;93.299.765/9474-23;382/9923293;382/9923293;48.894.249;4.424;IR CS;Federal;R$ 5.000.009,00;R$ 8.436.879,95;11/04/2022;26/05/2022;Edvaldo  ;Juliana;N/A;11/01/2022;10/04/2024;7438;AMS;;Erro de calculo;AIIM - análise do fiscal;26/04/2022;IR CS;01/05/2022;R$8.106.879,95;Fiscal Analisando;;31/05/2022;ABS Advocacia;Defesa em análise